precio,estrellas,pagina
£51.77,Three,1
£53.74,One,1
£50.10,One,1
£47.82,Four,1
£54.23,Five,1
£22.65,One,1
£33.34,Four,1
£17.93,Three,1
£22.60,Four,1
£52.15,One,1
£13.99,Two,1
£20.66,Four,1
£17.46,Five,1
£52.29,Five,1
£35.02,Five,1
£57.25,Three,1
£23.88,One,1
£37.59,One,1
£51.33,Two,1
£45.17,Two,1
£12.84,One,2
£37.32,Two,2
£30.52,Three,2
£25.27,Five,2
£34.53,Five,2
£54.64,Three,2
£22.50,Three,2
£53.13,Three,2
£40.30,Five,2
£44.18,Four,2
£17.66,Five,2
£31.05,Three,2
£23.82,Five,2
£36.89,One,2
£15.94,Five,2
£33.29,Three,2
£18.02,Two,2
£19.63,One,2
£52.22,Four,2
£33.63,Two,2
£57.31,Three,3
£26.41,Two,3
£47.61,Five,3
£23.11,Five,3
£45.07,Two,3
£31.77,One,3
£50.27,Five,3
£14.27,Four,3
£44.18,Four,3
£18.78,Three,3
£25.52,One,3
£16.28,One,3
£31.12,Three,3
£19.49,Four,3
£17.27,Five,3
£19.09,One,3
£56.13,One,3
£56.41,One,3
£56.50,Four,3
£45.22,Three,3
£38.16,Four,4
£54.11,Three,4
£42.96,Four,4
£23.89,Four,4
£16.77,Three,4
£20.59,Five,4
£37.13,One,4
£56.06,One,4
£58.11,Four,4
£49.05,Three,4
£40.76,Three,4
£19.73,One,4
£32.24,Five,4
£41.83,Four,4
£39.58,Two,4
£39.25,Two,4
£25.02,Three,4
£51.04,Two,4
£19.83,Two,4
£50.40,Three,4
£13.61,Five,5
£13.34,Five,5
£18.97,One,5
£36.28,Two,5
£10.16,Three,5
£15.44,Four,5
£48.41,One,5
£46.35,One,5
£14.07,Three,5
£14.86,Two,5
£33.37,Two,5
£56.40,Two,5
£14.02,Four,5
£46.91,Two,5
£45.61,Three,5
£19.92,Two,5
£40.11,One,5
£53.90,Two,5
£35.67,Five,5
£22.00,Four,5
