producto_id,titulo,marca,precio_actual,precio_original,descuento_porcentaje,tiene_descuento,url,imagen_url,pagina,fecha_scraping,grupo,responsable,categoria
MLC1923719923,Audifonos 4ta Generación Compatibles Con iPhone/android Color Blanco,,14990,,0,False,https://click1.mercadolibre.cl/mclics/clicks/external/MLC/count?a=wK6hbjyWN5LuSSgajveD6qoDiVyFsFJU%2F89x%2FDeIGMrksEQi%2BFRaZa%2BX%2Fau5AwcVk6nNCEN%2FgiFXTmYRB9UmEvOm%2FFy4V67LJUR3itoicy73n%2BwIFhtbAW9y33jCyY1%2FtMGx15glZ3zoKq2sX%2BinlfXXfBlUr%2F5pLkCPRwEIALSQ8tMrvFg9jL0ELqtCnIz1asqDLjRwvMRqpWsuNAsbjeMURdQi2urI0jJkwnJGB2CFbAbQAUnDq2m199KbhzIj2ajMNLJH06QGsNtMXhIToinPd1gm8Wj94G%2BXZb4eXu46Rvg%2FZlMg8s2K6weG%2F7%2FNn99vOgCqoDgxbaOXcUgHrcksneS%2Fu%2Fqt1S6lck0Q%2Bb93B3Q6FiZ77qBU5VvD1qkt%2F%2FMnOFjki1gY8bLJY5PRwu4O5e4dwO%2B5ZJ%2BJRIHsith7POLQBz4kTrHmf9waiZuCj5zUtziiqWMS70afmvhmxXvORn16PEZnc0pO%2BNA2zI4SlAkxQCSUBgBrir4ObVFKJ05NcIZTszBcusRGpPDJgKn4fPshLbfTa52eZ8YflYQDlAZd5scf%2Bco1Jbl2sIhnQYaRjZpmOmBpLLiPhE0afpjLV3JT04M6zdAvF6ZwJt8NTkr8k8qZRZSE9mhsEQG%2FvE7zvhSM8FNSB746i7iCc0MVwXEQCouYqjmIXh2lWO4Lhhs85tjyobrIZdRiB4FJbOdRiuK73bu1j%2FWWx1BvF78TjMjUbQTpqFKUXlLfXvG%2Fv0ABpSp9vb7Hu1msqMmUUaWRGGsrq6GCeVmVJSPJDuTXy1dash3GtOsP4TCRqNXt1vtBj2hePJx53J8FeDWHEdIZSChiNfpTeA87V8mFU2KiytI3SiiccvJJDWJBRSnpVdGg9tRP3PECIXX64xc%2FFeEjubX2PrUFCt%2Ft4F336qMrKyMtI2J%2BlmbwKiB8bjKTKwLKaw3myYxMVp%2F5MByeoESD56yqGZnvIVESzUkDcyp9iiv8EMHZ77TMrMjTuDfJvMHl1kZSgX5awwkxak9PXMEfuA%3D%3D&pdp_filters=item_id%3AMLC1923719923#polycard_client=search-desktop&is_advertising=true&searchVariation=MLC61332479&backend_model=search-backend&be_origin=backend&search_layout=grid&position=1&type=pad&tracking_id=973f3754-0ba6-471b-bba0-015bf744bea8&wid=MLC1923719923&sid=search,https://http2.mlstatic.com/D_Q_NP_2X_605039-MLA96508849001_102025-E.webp,1,2026-04-29T05:28:53.229511,E-Commerce,Ariel Peña,auriculares
MLC1636668851,In Ear Monitoreo Rs Er2020 De Oido Sistema Bluetooth 2canale,,205640,250780.0,17,True,https://click1.mercadolibre.cl/mclics/clicks/external/MLC/count?a=ZbnPPnGa7aECNcGPILwB2iCW%2BncabbmvBa0V7hokyfXzQe3fs34ylkwxBzEWa4F60d9EtiPW5KFkBRff1TXa4FwMzxKngfy0hES5YpvPo8TGnNynUJzny4h7YZc8fImJU1tx9uloG59y5y6uREouOWqvBJ9I80aE4yEd8ySb6rPzary8vVNBzI1u9s2KHgqlq17W2qYu8Ji1decU%2Fw9JZ0U%2F%2BuFUdHXhxf7TOpVoQvho8h3PJL4xN7sKPSbb0NdoiiozPuVeUxVuiIFH0KIU2WlxYAIzMcwGR9wJVWOpWkkZrZABmP%2Fs%2BU5vZfmiVjoW3CgSdbnXTFJ9IYf2pOTIyLXhYVZKsX8yD6bhTbaW%2BawVGLI6OZRn2IEHNCfEbiXcmTwG5o%2BeDSRFV26zqOlMHMPKiz%2BXg8Re8mB9ZhLbjf7dFTwHjv1SSrGdb7eCbzzvy74C08uLspfDTL3Lza8wrKBAFjajF9hwBwBNobwVKac1hVHyfhxXYkXitVQiWCAV8re2kcbd%2F0YoX7UGnxHvvGNbGa1xDkMxwX09GHBv%2B%2FtzDOKvG4aBvL8A6CXhEdfmcMELG3ijyWl0IP0UUD9z3WDG3wqaRGwNvyNcsR4iiegZ39iNpuAsVz%2FpUqhQA6rf7WPmKlpsPyW7CpXrG4fL122IoZsA0vvDVi2QpEHONS6JMlsCCR%2FFfBUYuBcBgkdAQWRUfni4XDQUGrmP8zpJmVNPM5RqEj8tWDqx2UQZFX4v2%2BWhXq1Ju%2Bk9X%2Bts%2BMXEigucyAkIl07xKA%2BQj2ta4G%2Be8NBDgkcOJWg%2FoxQgTD4f3BGql0Bcios%2BjgIsG3gZk6pqVouXHAGXc0X1P5PXUAVe1%2B57d8kOjDVYSdT50%2FTuk%2B3MGbb3Is8qnmvi3kgkL8PDv6ACYJfmii%2FFttVj8C96LMTtzhTI8oxRRe6KEIgwUnJUF5S%2F5y6bneEIpgRTP5sfEdPy8Ep4RU9ql%2FofSXt8YgEe3fNBvz5Uxw6PemyqQS0yrYgC1LzhqvvX&pdp_filters=item_id%3AMLC1636668851#polycard_client=search-desktop&is_advertising=true&searchVariation=MLC51911158&backend_model=search-backend&be_origin=backend&search_layout=grid&position=2&type=pad&tracking_id=973f3754-0ba6-471b-bba0-015bf744bea8&wid=MLC1636668851&sid=search,https://http2.mlstatic.com/D_Q_NP_2X_723862-MLA99465778806_112025-E.webp,1,2026-04-29T05:28:53.229511,E-Commerce,Ariel Peña,auriculares
MLC1552199168,Audífonos Sony WI-C100 Inalámbricos YY2957 Color Azul,Sony,20990,25990.0,19,True,https://click1.mercadolibre.cl/mclics/clicks/external/MLC/count?a=j%2BXY2mg3Lqz6wZok%2FwcmAhzWu2NBCNN7I5Q8mO3pzqg6nluc3fGgr5Y68FfXSmHAZNK2j9%2B8KLpLQ2B8BPeqtkynMVVfo3X4zQ1kPFRB%2BpLtwz0gv0c8aOGU5bRTzJSeHLbY09NFPDPK4XpO7q7fQMiyra9yW6qVArm%2FjDS0IKbEWvNjTbFpNJQKkd%2BfFDQeEPvwk2%2FXAwzllMTHJZlo2SRMVYXE0ItBOJhYykbjmJuTV6Za6%2Ff1bQGsOo3Sm79DGKp23GQPRrHZJNZmSSs%2B8hbQCF0E5JSXElSGCYghDf1E4IPVuYN2y%2FwL48UhcE6ueZR55uUucfXT8afPbmA3L%2B%2F1qjV5eE0ikWV2S29OwDM%2BWwmP6CYXnniI72uvvatDPIsTEp5apPSYfB8m2c5UG1w%2BK%2F8A%2BtUUEU8x0dd80I6VdtCSRPCVVgc1vMx%2FIlGGUqbPsOdotoATKODLc9syDqApIvEwqCVTKnQU%2B%2FVNy%2FVgUVVTuAoNJ9BW1DPbuhbbSTnsSHZlQQlNEw8l8pvNADG7VrER%2BhnCSPEtdeVlgwrAV2h9Ocn9DG0bN4d9jw7NPE6JTWeDNBb40%2Bf%2F6DE3zdOZOOvnkF1LVMBXsQ6%2Fpt6%2FZ4k5ZtLJpUqq%2FGvkA08Er8YCR59NxmXvuPo5q3iVSuSblcdR%2B%2B%2FndNZyam9HIQ%2F3UbDHeZOWDx4y4j%2FvTJTF%2FT%2FENMa%2FtcjC6LjjoheQbBYUW21W%2FnPlD0FBCUBCr7RmBy7hRLAG5nxdUpunn1gEYePkd%2B8eGllPTnw9yndb6OaUJp3rgKNmZCmebeAS3OytUdKsNzXDtDX%2BVefeXhjnmo6tXJTny0WOSDLYIoZblKU5vaGOFqwtlT%2B28jkxp%2B4kk8shQFMoEDVGyby1Z%2BWqmtVvtTWtdp25JY4no9%2F6pRdc7QJtK0WjtEAi7sqNsRjqrpkOFfy%2FxyK1b2E8meq7aXduik2uNpXvuW9PhvkJWqKvVjYstzXRF5NeY%2BSM8AYZamQx&pdp_filters=item_id%3AMLC1552199168#polycard_client=search-desktop&is_advertising=true&searchVariation=MLC26990277&backend_model=search-backend&be_origin=backend&search_layout=grid&position=3&type=pad&tracking_id=973f3754-0ba6-471b-bba0-015bf744bea8&wid=MLC1552199168&sid=search,https://http2.mlstatic.com/D_Q_NP_2X_791154-MLA99991829629_112025-E.webp,1,2026-04-29T05:28:53.229511,E-Commerce,Ariel Peña,auriculares
MLC2078136560,Audifonos Bluetooth Deportivos Para Conducción - Aiwa AW-ACF1 - Color Negro,,21990,39990.0,45,True,https://click1.mercadolibre.cl/mclics/clicks/external/MLC/count?a=IKyQX5IOqE8TIuNSJlBKFXDLIy%2FygN2R125rfD8Xd9aUDEbxfnvxPq4Yme53uVvqaHsX9UVTwmeiSytDLdSbyuX73CXfLFZaG8t5L9t6ipcngVyHMDhSSV4EE6naUPLRXEB9oBj0Iq49SFoxbnc05V1IJJDi80J%2FkiNZtOkq%2FBisOu1Zuy%2BQzHqVKUTKy99PoE1jSed0z6hqIN2zy5%2BlkaOmbRKrkpLYddCQiB4sfMC9nUII1KXjRPBc9IT6A8W0JQEK%2Fm%2BmbtnYlAbILW9g6QlAyWnUaazPMIukjxGH3GYuyD2nwftZhqAmsatn2KMAvo8tkq%2F3LUeecrZNA9QYN5kAGmeCc3ZwLT89CxxC%2FWMAsDu2rDkTgdoAR6N7THN4zd1lFD2l7rn9EaCmFuQ80SDI4JprTIzP3bmGQsVhgAffnx6Fir%2Bj3p6GTw0h5bEFvg3ZgD0QUNkDMAGDy3heHJng9eOlp6hvWtjU5d6xXc4u%2Bq7oMLJKV3OfplItVbn1ZaoIR7bDSTsJVvt0pLKdd3y%2Bd5nHW3uMb5%2FFr%2FZTRqBR7MLClIIIvgM9XeO1Mn9m%2BnECreP%2FB4hvKysyq6wXJK%2F5WEhtI9OpzgsRgDfoA7AyJGSVk0xXYZq0Vc7gkg%2BMRYn8%2Fx7HS8UJcdfwBrb9XPhzQmWtYKewG5OCuHRxzro6vShEcX8ZuaLpdfdJ%2Bek%2FHLS2ajUU10Nb5w%2BxzdlkNO%2F7uVUyBWZyQUMCrLLh3xv63tUiItLt%2FmcnvGqmXxxIGECLLEL3v5Q%2BhiLjoGrZ%2BlbDDuikL%2B6ByfIw8x5yeSJ2T3Quw1EUk1SDABwu9aP9ykPGqnGoXmhUzdH9NdeYZTUJBHNBinUJAxH7gB3vuNv0Ygrohf3Ls8reMbneLzKaaQwSbh8JoGAALWOj2xWf4wvh%2Foc3X1N%2F52etX4abSaZmzl34g3roce9XTo%2FGRXkakEVq23jFnYNnLPnd8BcX1RbjUpzz3T30Duarg2W4%2B6CrEKjzxbRO%2BKnc9vpe6tDFz3izgkXXkWo%3D&pdp_filters=item_id%3AMLC2078136560#polycard_client=search-desktop&is_advertising=true&searchVariation=MLC27890949&backend_model=search-backend&be_origin=backend&search_layout=grid&position=4&type=pad&tracking_id=973f3754-0ba6-471b-bba0-015bf744bea8&wid=MLC2078136560&sid=search,https://http2.mlstatic.com/D_Q_NP_2X_790629-MLA99935523735_112025-E.webp,1,2026-04-29T05:28:53.229511,E-Commerce,Ariel Peña,auriculares
MLC18593258,Auricular in-ear inalámbrico YYK-520 negro,,10590,15990.0,33,True,https://www.mercadolibre.cl/auricular-in-ear-inalambrico-yyk-520-negro/p/MLC18593258#polycard_client=search-desktop&be_origin=backend&search_layout=grid&position=5&type=product&tracking_id=973f3754-0ba6-471b-bba0-015bf744bea8&wid=MLC953897529&sid=search,https://http2.mlstatic.com/D_Q_NP_2X_822394-MLU77740936283_072024-E.webp,1,2026-04-29T05:28:53.229511,E-Commerce,Ariel Peña,auriculares
MLC54500865,Audifonos Bluetooth Blik Air950 Cancelación De Ruido 40 Hrs Negro,,19980,39990.0,50,True,https://www.mercadolibre.cl/audifonos-bluetooth-blik-air950-cancelacion-de-ruido-40-hrs-negro/p/MLC54500865#polycard_client=search-desktop&be_origin=backend&search_layout=grid&position=6&type=product&tracking_id=973f3754-0ba6-471b-bba0-015bf744bea8&wid=MLC3115663488&sid=search,https://http2.mlstatic.com/D_Q_NP_2X_951487-MLA100052681221_122025-E.webp,1,2026-04-29T05:28:53.229511,E-Commerce,Ariel Peña,auriculares
MLC22448503,Audifonos Hyperx Cloud Stinger Core 2 Negro,Hyperx,36128,59990.0,39,True,https://www.mercadolibre.cl/audifonos-hyperx-cloud-stinger-core-2-negro/p/MLC22448503#polycard_client=search-desktop&be_origin=backend&search_layout=grid&position=7&type=product&tracking_id=973f3754-0ba6-471b-bba0-015bf744bea8&wid=MLC1388523181&sid=search,https://http2.mlstatic.com/D_Q_NP_2X_798099-MLA110627075299_042026-E.webp,1,2026-04-29T05:28:53.229511,E-Commerce,Ariel Peña,auriculares
MLC1782330239,Audífonos Inalámbricos Compatible Con Air Pods Pro 2,,24990,34990.0,28,True,https://www.mercadolibre.cl/audifonos-inalambricos-compatible-con-air-pods-pro-2/up/MLCU3663964863#polycard_client=search-desktop&be_origin=backend&search_layout=grid&position=8&type=product&tracking_id=973f3754-0ba6-471b-bba0-015bf744bea8&wid=MLC1782330239&sid=search,https://http2.mlstatic.com/D_Q_NP_2X_881053-MLC100952060585_122025-E.webp,1,2026-04-29T05:28:53.229511,E-Commerce,Ariel Peña,auriculares
MLC54318632,Audifonos Bluetooth Inalámbricos Blik Air500 Negro,,12990,19990.0,45,True,https://www.mercadolibre.cl/audifonos-bluetooth-inalambricos-blik-air500-negro/p/MLC54318632#polycard_client=search-desktop&be_origin=backend&search_layout=grid&position=9&type=product&tracking_id=973f3754-0ba6-471b-bba0-015bf744bea8&wid=MLC1792783895&sid=search,https://http2.mlstatic.com/D_Q_NP_2X_865867-MLA104907623422_012026-E.webp,1,2026-04-29T05:28:53.229511,E-Commerce,Ariel Peña,auriculares
MLC51011158,Audífonos Bluetooth Noise Cancelling Wh-1000xm6 Negro Sony,Sony,359990,449990.0,20,True,https://www.mercadolibre.cl/audifonos-bluetooth-noise-cancelling-wh-1000xm6-negro-sony/p/MLC51011158#polycard_client=search-desktop&be_origin=backend&search_layout=grid&position=10&type=product&tracking_id=973f3754-0ba6-471b-bba0-015bf744bea8&wid=MLC1624408157&sid=search,https://http2.mlstatic.com/D_Q_NP_2X_723439-MLA99481242716_112025-E.webp,1,2026-04-29T05:28:53.229511,E-Commerce,Ariel Peña,auriculares
MLC43400227,"Auriculares intraurales Kz Edx Pro Dj Musicians Return Stage, color negro (Sin micrófono)",,12360,,0,False,https://www.mercadolibre.cl/auriculares-intraurales-kz-edx-pro-dj-musicians-return-stage-color-negro-sin-microfono/p/MLC43400227#polycard_client=search-desktop&be_origin=backend&search_layout=grid&position=11&type=product&tracking_id=973f3754-0ba6-471b-bba0-015bf744bea8&wid=MLC3912388286&sid=search,https://http2.mlstatic.com/D_Q_NP_2X_701452-MLA87755191506_072025-E.webp,1,2026-04-29T05:28:53.229511,E-Commerce,Ariel Peña,auriculares
MLC46114141,Apple Earpods (usb-c),Apple,29990,,0,False,https://www.mercadolibre.cl/apple-earpods-usb-c/p/MLC46114141#polycard_client=search-desktop&be_origin=backend&search_layout=grid&position=12&type=product&tracking_id=973f3754-0ba6-471b-bba0-015bf744bea8&wid=MLC3914609390&sid=search,https://http2.mlstatic.com/D_Q_NP_2X_890280-MLA95704149672_102025-E.webp,1,2026-04-29T05:28:53.229511,E-Commerce,Ariel Peña,auriculares
MLC2967613338,Jbl Tune 310 Blanco,Jbl,14990,19990.0,25,True,https://click1.mercadolibre.cl/mclics/clicks/external/MLC/count?a=XRpFzBoQBfeVeQxr%2BSnLb1HPhOa8XmZZ0apdYK5kHEYojensr9rJxsjzgXq9bCTzWeSeEP3qAxZeoFhePrVFoYH8YGoHTdxddaurlCz43eguyt7zmn4UpMHLZw%2F8aBR6zBHkKfDvGtqPWe5WmnBf4CNMzA%2FMC2tl68FcdKr5xFycvW2avuXEdfPHDJH2Og21V8Qxu8a0S4sO1%2Fxrl1EUiinBWKewhUTUl71ahfxqB6falFw3EII5lLhCZa5H%2B2LnGrGKWuUAnnBWl3WFuYcc%2B9xzhvSr06ZcZ%2B0w22S8BeNna5D6v6lEGES61%2BIdGWMyjLEa9eyWPx0K1jTEIejNsGfWQC3gJWldJ35qYlxaHm6wffeL29ytim3XqKdOT7YERlXIlBtTafvlbz%2FSOkRXPtw4fkowws9bqD4JLDwO%2F1nRejxF02uAHTENJIq1CdNgcYoWPM%2FBNQT1kruUj%2B84o4Bnphw9CGtBccJ7IbEChOdEpbprFdKxpdarL%2BfRc6cjxgpUy%2BW3uv7AxI8uFYOmNcIlOhXedgPTC5XwJk7i4QkmCXoHziU79A2CWaLNb0Pwtj6zdikNGIR2dpGxd%2BcwTH7Ok%2ByMNqUQaBNeb0NmTnjZOVoOVwqqXQw8vZJVeIUIG0vL3d4lcBgxSFlNv5e6jtWO%2F1Orgr%2Fe%2BNPdj6CCll1ZPevE9ELOS15%2FCAPj%2FRwXsT0mbFrPTP7ZLHc0Fl77LGdYXx%2Fo%2B5hp7DDkSP5PZ0N2VJrVGrRrZIktPxtvJTSkD1OgZHNbH2nyns1wVLYqLKBzWBBD58pMTdeXpVl%2F66qsNtZWYrtMwHNJ3Oomr0i5NLadE8acF31KtlHMyV1AEuSSURahvmw%2B33zij%2BwjaxF4ikC0OFJS79R4Oqq8NTl6e%2BjJAIDOjHLNoBWXhud9UWCf6%2FtZ5opQGvynOfuY8QrQldm8Sd%2BVMNkiiAzOqdOAx5HMLoI%3D&pdp_filters=item_id%3AMLC2967613338#polycard_client=search-desktop&is_advertising=true&searchVariation=MLC41693739&backend_model=search-backend&be_origin=backend&search_layout=grid&position=14&type=pad&tracking_id=973f3754-0ba6-471b-bba0-015bf744bea8&wid=MLC2967613338&sid=search,https://http2.mlstatic.com/D_Q_NP_2X_615773-MLA99429901144_112025-E.webp,1,2026-04-29T05:28:53.229511,E-Commerce,Ariel Peña,auriculares
MLC1765387523,Audifonos Inalambricos Compatibles Con Iphone Y Android Anc,,19742,24990.0,21,True,https://click1.mercadolibre.cl/mclics/clicks/external/MLC/count?a=J3NoukxVDIwuqqbaNswAAaUaph9XIlP6NxvSIRDImn%2BBLDCX4b7bjhBurkYjOVQmEjevZJq48gBf5N2dEX1LsLebf2CC%2FNccF6ZtSOBrEIcFISK%2BAO%2B%2F9rfR5kuBsTZoKuQnFPdIl3YoQhWzSDFkJx%2BxYBFRVnACIyAPMaX4r5cO%2FcgIPgds13Sum1u2Qhy35MHci7sgGfTj5Gp1rTpXZYO%2FGXr%2Bb8PywO%2BnFpQbsdn6p2Xx5yCvh2cwyymAQ%2FX6er0NDA7cAcYxCQvq2KWZ1LxTOlkzVhWsmavi8EgZV78z1PpXfjkkbXyvfok%2FXr3gjROlBbgsvcNtmh9rKyLX93mj2gRuxmkhCnBZqMe%2F77bIthH%2Fa2WqgpRUFTIh7GokhvjF2rxkAEqJWolv3fatqL0caHVIDZt5pgLhOxrNyyQJjnNpzjMr3Z6nW20zwNcYyWHYwdsZCMcXD09zz9I2NXBwdiZesTbcQ4hJOMS4cZcRrno6XUK%2F0UoRRRn1pkQi8p7%2BJ9cEA6F2H5JheG%2B8ZhF7GziUNUK10EEenG8djGNCou1olx3xqJClCYkAd7U6a9xlJdW%2B%2Fg4XF5xH3CJ97jXLfe%2BMtDwCVnKV%2FrsHqCC90cGe1ro%2BDFupHN3DiuAkDF7XNjU51In5L8pZiydgsBz8D3WV1qLuZyHzgEtk2zjNoW3URhTDOJPufphsoVMdBD1M%2BrZAuZsp0d59LAa%2FZm69IfJdSWEBxOpPxOTab4saCPtOT25EhAcF%2F6MVsokTEjdwL7J6RfeHYJl5dVhnhgspS8zgkAzuf0r6KTIw9%2B5xTBP0IaCfEQuavTAgd5Le1lca3TbJg9Xh3Q1RYqQe5x7AjNgmToAHfIzSi6Ivp%2F4D%2BZMa9ksebh1E34qTzmtydx50OuvodBIQ%2FaUixyhNGH68ZaRIGBU7y%2BFS77HjTo%2BYaQlG3KPILj%2B61B0n%2BvuJ75KU2DQ1UgnF0LX8RwnDvT3MOHa66bgF1H0SGPQ8SmzLIzymbMO%2BC%2FbhJsFcf3t4WQl71Tk9&pdp_filters=item_id%3AMLC1765387523#polycard_client=search-desktop&is_advertising=true&searchVariation=MLCU3622575827&backend_model=search-backend&be_origin=backend&search_layout=grid&position=15&type=pad&tracking_id=973f3754-0ba6-471b-bba0-015bf744bea8&wid=MLC1765387523&sid=search,https://http2.mlstatic.com/D_Q_NP_2X_668086-MLC98934592352_112025-E.webp,1,2026-04-29T05:28:53.229511,E-Commerce,Ariel Peña,auriculares
MLC26217738,"Audifono Hyperx Gamer Cloud Iii Red - Usb-c, Usb-a Y 3,5 Mm Black/red",Hyperx,62106,99990.0,37,True,https://www.mercadolibre.cl/audifono-hyperx-gamer-cloud-iii-red-usb-c-usb-a-y-35-mm-blackred/p/MLC26217738#polycard_client=search-desktop&be_origin=backend&search_layout=grid&position=17&type=product&tracking_id=973f3754-0ba6-471b-bba0-015bf744bea8&wid=MLC1826327793&sid=search,https://http2.mlstatic.com/D_Q_NP_2X_986507-MLA110626791659_042026-E.webp,1,2026-04-29T05:28:53.229511,E-Commerce,Ariel Peña,auriculares
MLC42690619,"Auriculares Kz Edx Pro Stage Return sin micrófono, color cristal",,12980,,0,False,https://www.mercadolibre.cl/auriculares-kz-edx-pro-stage-return-sin-microfono-color-cristal/p/MLC42690619#polycard_client=search-desktop&be_origin=backend&search_layout=grid&position=18&type=product&tracking_id=973f3754-0ba6-471b-bba0-015bf744bea8&wid=MLC1940294139&sid=search,https://http2.mlstatic.com/D_Q_NP_2X_845343-MLA88102914635_072025-E.webp,1,2026-04-29T05:28:53.229511,E-Commerce,Ariel Peña,auriculares
MLC1731676909,Audífonos Tipo Arete Inalámbrico Bluetooth M100 + Accesorio,,34990,,0,False,https://www.mercadolibre.cl/audifonos-tipo-arete-inalambrico-bluetooth-m100--accesorio/up/MLCU3516853066#polycard_client=search-desktop&be_origin=backend&search_layout=grid&position=19&type=product&tracking_id=973f3754-0ba6-471b-bba0-015bf744bea8&wid=MLC1731676909&sid=search,https://http2.mlstatic.com/D_Q_NP_2X_704507-MLC95713648106_102025-E.webp,1,2026-04-29T05:28:53.229511,E-Commerce,Ariel Peña,auriculares
MLC62995693,Audífonos Inalámbricos M2539E1 Xiaomi Buds 8 Lite Redmi,Xiaomi,24496,,0,False,https://www.mercadolibre.cl/audifonos-inalambricos-m2539e1-xiaomi-buds-8-lite-redmi/p/MLC62995693#polycard_client=search-desktop&be_origin=backend&search_layout=grid&position=20&type=product&tracking_id=973f3754-0ba6-471b-bba0-015bf744bea8&wid=MLC1847933079&sid=search,https://http2.mlstatic.com/D_Q_NP_2X_939120-MLA100865443711_122025-E.webp,1,2026-04-29T05:28:53.229511,E-Commerce,Ariel Peña,auriculares
MLC3380561934,Audífonos Inalámbricos Compatible Con Air Pods 4,,23990,34990.0,31,True,https://www.mercadolibre.cl/audifonos-inalambricos-compatible-con-air-pods-4/up/MLCU3645031763#polycard_client=search-desktop&be_origin=backend&search_layout=grid&position=21&type=product&tracking_id=973f3754-0ba6-471b-bba0-015bf744bea8&wid=MLC3380561934&sid=search,https://http2.mlstatic.com/D_Q_NP_2X_647899-MLC99703012764_122025-E.webp,1,2026-04-29T05:28:53.229511,E-Commerce,Ariel Peña,auriculares
MLC34764658,Audífono Bluetooth Hoco W35 Air 45hrs Para iPhone O Android Color Negro,,11900,12990.0,8,True,https://www.mercadolibre.cl/audifono-bluetooth-hoco-w35-air-45hrs-para-iphone-o-android-color-negro/p/MLC34764658#polycard_client=search-desktop&be_origin=backend&search_layout=grid&position=23&type=product&tracking_id=973f3754-0ba6-471b-bba0-015bf744bea8&wid=MLC1757432921&sid=search,https://http2.mlstatic.com/D_Q_NP_2X_954606-MLA99987793805_112025-E.webp,1,2026-04-29T05:28:53.229511,E-Commerce,Ariel Peña,auriculares
MLC1551728686,Audífonos Internos Inalámbricos Wi-c100,,19990,25990.0,23,True,https://click1.mercadolibre.cl/mclics/clicks/external/MLC/count?a=kuvsxawK9oxcTLfQGsyArBmZ66gX1VYXrIsXUfRBa8Zt%2BHAZ02fedg9pASRAbuRgkcTccYHnVfnFYjrBXMUmtzh%2BI1Y%2B2uNTrcGtVhLCE5kx3GPqKnux41%2BqxoPOeNCFYVkR%2FkWMQGPTf%2BplD8BezGCDn2EIWFS25CS5kDIJ1CIW6bif%2BzrPfsQFXAlf52R04Bu1xWyo0nJfnsDUiYZ1B%2BHhmlPtxdVQiHwN4ISfQ%2BiBgvRMVd3%2B1%2FTCD8CMEukVXaJCUucN2WX52lFsZnw0nRwGhBQ1KzfEDChb6JhJ18s%2FXhzpjSBQKUnN%2Bg%2FafwxAoEoNxsyJqpSSM2Hvi82gI8o%2FsvQYdexzRVj4gVDzY5sj2xa6nxuoxv%2BsxMfVreEWZqPU%2ByeQwl%2BErS%2Bnd%2FhXvyWby1VKSceMjjo6uX1uG%2F2ZvCBQf9m6c5o743vzfNxwzApTqFalxe8%2Bt22u3Xv5iyTN4OLR0u%2BqmiDGaRwNxgwHlevXRrq%2FdHnyFgVJQ23175ZnznZUSRR5bljFi%2BJmRTRYH8g5leomsFy6%2B2qekJ7qu8nmzkxhtcXZ62IVXebfk2hnDvBocA1LR4sEl5thmcrasSmNxv3bKy%2FdVJcna8DUPHNy5Km3VbV%2BPpxY03Ond5zMFmglvKXSA3trGHyDBh4LO9J7OKjDGl0D8JsPovobAnrxJY0NSOsHlENsEYntqdjhGaFlZquKGkBWtI%2FGxLBrJUPPUpGSv0XBNIOQIE9zo9WRTKF0%2BBzpiNNExrhC1X9bc5Opy7nS07B0Yryeki%2BS9Frk%2BFw4KtQKR3nmfD%2BhoKSLFVrrZ29OlBdn534TmYJ3gLtZtmTl62pcC30MUJ3fGVzQW3yNwBftYlKVWRrt51yXj3pV%2B2VybIe5Wd7nGDQkZbPn4JH%2FjeWZy1t3gd7OrUGvfVjlvRUPxp1DQfAfgJW%2Bbn1P70zTQp5dC%2FeIexFtv1hLSQWFnYE38E9W0OEMlIAHZmzXmlA%3D&pdp_filters=item_id%3AMLC1551728686#polycard_client=search-desktop&is_advertising=true&searchVariation=MLC24454586&backend_model=search-backend&be_origin=backend&search_layout=grid&position=25&type=pad&tracking_id=973f3754-0ba6-471b-bba0-015bf744bea8&wid=MLC1551728686&sid=search,https://http2.mlstatic.com/D_Q_NP_2X_768739-MLA99462568230_112025-E.webp,1,2026-04-29T05:28:53.229511,E-Commerce,Ariel Peña,auriculares
MLC1923941057,Audifonos Bluetooth Blik Game-x Baja Latencia 30 Hrs Azul,,14490,,0,False,https://click1.mercadolibre.cl/mclics/clicks/external/MLC/count?a=la9EVILPDR3%2F9VrwCT9H8kh3ioJpDBMgZ7O4VLOYZ5UKywlq1pddvyUluQxTxDUk9kh273Hxha40%2BFLrMlVaucc3PdBCd1r2ynTd%2BWXRILqSumBsmlyINeX3b4ZsQ7WS2W7FHe2DKsTC%2BjeDZOkN%2BwbCqg%2FkDKw%2Brzjce%2FioUU9RnRMdyhrwcAYuf2V9Kiqtq3ngJUqWFDNG47cryXbG5MYYhdhh360EfAEny2gTndM3JBtoeiJSOwoY5u0tckr1vBhsHVO40SquZ5%2FEHMz%2FgCBTGK8QR74ZZdEzsy%2FpDNZxTDyBJ%2BoZxBdTgUpjMKJUUP2rxJzTm3kbez8Oh%2F0SkoHbf%2FFf36NbAGG1R%2BVgPMdkKhBhEKWFbyD8oVmDJhTGK%2BStvhzRp4WWzUFUfCK%2FxQbPciL7HBzz%2B891JzDDxkhIOU6ghuAFVDAqtUiXXFWK9LYR49dZwUiodVgUaB7N97RI7g%2F0aiAvzA0Ou5MoaTsjHU%2BiqT4Qu37atPp%2BwKQWIPcWpmbnelaNHKB%2BlvKzonP%2B8mdiGuSsnf%2FoEEIMYxWWvZj7UUhXq%2BZzL8NAtoTcuJdf4ELv4Y%2Fl4tv7JxVrf3qUq718Eo%2FQJczWoS1iJkX2ZlVpd5jR%2FjWvpi6B%2F8He8ANu83yPwj1hfl96PWLvQgV%2Bv3fPpoS2TE7G8ykyPEdxDfK9W%2FTIw5RPnV4I1KHgZtgsz%2FC34O8rRMVlYqXkfvpGGrz0R9jvqhXZo6gltgdPcTM52c5ihyREGhufDJsj%2F7ZRGO52gD4rn7lJY1Mb99x9MePpMhutHA958BNY7qRsZnLWOrvn6NndfD5P%2BBzYds0t1ixXvMva6leP9m0Nn4nWcehb8WB6TYp4hVrBjq9FIPB88bIZFvj8EwGpLKr2Ctzyl4GhxB5ZKKpct%2FuMAgDeoAq4vJxcmuxpsIuOz%2FI61D95VrjuGqdnD%2F6Vhgi4qoavJvAjvAFgVXhageLsWwcwm6QSaY%2FMW%2F11oCTacW6AuJRBQTBgGJJ81%2FIK&pdp_filters=item_id%3AMLC1923941057#polycard_client=search-desktop&is_advertising=true&searchVariation=MLC54287500&backend_model=search-backend&be_origin=backend&search_layout=grid&position=26&type=pad&tracking_id=973f3754-0ba6-471b-bba0-015bf744bea8&wid=MLC1923941057&sid=search,https://http2.mlstatic.com/D_Q_NP_2X_841707-MLA99508298968_112025-E.webp,1,2026-04-29T05:28:53.229511,E-Commerce,Ariel Peña,auriculares
MLC3560140424,Headset Gamer Redragon Alámbrico Hylas H260 Rgb,,15590,,0,False,https://click1.mercadolibre.cl/mclics/clicks/external/MLC/count?a=4l0jL1ibZ4Td0fQNGv1pXWBVvtxy%2F%2Br%2BYkpW0nXT0NiuCuYtTHeUGihBZRXLznjIkdSQtnbSdA39vi3l3j5M4KmKBVk9NOaOxX10Wbu4gp9VC8Io22VGHnXE0AFHZ2B7Yan5HxhbB8hATCqrKEsO1vuvkUk4atThssl4uyopXKz1J1XM7wXu1LYFY3bPbUkOqWN0KHacJAcelFEwy76GCcp7ian0qddMzt57YhnhTPw62FczBtInRHz7TPnrMJkX92iCwmImeSMgd8nvFjiGtRRyVnxk91q%2BNei9QOAaRj8s79TqwrT%2Fjb%2B3GyZd2s5cHKtA%2F2G8buSM63GICplSsGbWK%2BRejbHhCurU%2BL77Jp75MErFScpvHcVZiqMrKMdOK8m6%2BrRdFJYXMaANEW3B8mG7ed9hTjdDNkAuV%2B7BQ3ngX3AD%2BvCS28r5642efI4wNJK2nMm%2B5lOejvQ77ZKIwwFVefdCeCpMG0AoRK3%2BIjwenyQTqVcgyXjaCFlK%2FB04yH4ilaC6yLQGCNk96%2BaGgcMDGXCQoKRHYGx3p40XdFaTW%2BZHQxUMOZCwlcvcAU8PXQeugEwIkVoe7JLvIQjcwmoWCGAdEZHlvQc77emOVA5zJAvnnzdHNOJ9Qg0msc75ZfJJp4NNCUBoqwZPcfXFtZ8%2Fy%2BMzni86zdeQZOE9ZC%2FrHhPXggycS8gCxyBchplaFDjs86X3vCs5bMiGcovQhmJWlFcVlna%2FL%2FGjcImfgBrbQOpaQDyLCbt2s3cdD7%2B3cDBdny1%2Fv6ZcjF4pcJ4NEwaBkiPBeXXmbRLmOWLgiE6FuaJqiLCizzLpSWCzqB3LnEN6Agx26nOWTNoxyuQu0dWmIj1rp5gkGkeRwbplt1oPJoTuIHNpvW1KGNEPEGe2pInpC05pp27%2Bt5OA9G1y%2BUtpZOFmOitYCsibhPrprJTDj%2FPfeiK%2FCGcFJk2Z3vyfalSdvD66gNHf88kCAoccLBfbU6Sa%2FhaGGoAA69F9u3wq&pdp_filters=item_id%3AMLC3560140424#polycard_client=search-desktop&is_advertising=true&searchVariation=MLC19756060&backend_model=search-backend&be_origin=backend&search_layout=grid&position=27&type=pad&tracking_id=973f3754-0ba6-471b-bba0-015bf744bea8&wid=MLC3560140424&sid=search,https://http2.mlstatic.com/D_Q_NP_2X_814946-MLA95836949691_102025-E.webp,1,2026-04-29T05:28:53.229511,E-Commerce,Ariel Peña,auriculares
MLC1596906543,Audífonos Inalámbricos Wh-ch520 Rosado Sony,Sony,29990,47990.0,37,True,https://click1.mercadolibre.cl/mclics/clicks/external/MLC/count?a=GukJnipsqRHVHGR0M7%2BAUu0ZFI0FO6cUXIWmUV%2B7aJvM1OhE14zag1JoghV4tRkYWSiJX8364jBjLKqAXsnWyMhE0wCp65nZEFUhCFnZV%2BAHYzTrHL0whmOLdMUci3QCe3IAHKTdfFuTxIwMPgZXJRrS1s0Q8jBWbRu28lPooNblLaLGdC9Wlm0eLi7JBv5d%2BDMZ365qHBYoQ1956Oth%2Bzwt2ph25VRelFL%2FiF1RtNNluyq4XwiJHocmtrIgfGuJqn%2BNE5LqikRW8EOz0F5iJ6%2FXPW99%2BtWYY5LvBZtpyteSXL4o%2BXnSbozWe2%2Bm2KxzXbG92Js8Nrv92gauIuMBhyoh%2BV1RUQBDebKtoomk5OhefSDVGNMzWKoPdK3r%2BWF4%2FYr2VWdcQVEHl4%2B%2BEHm7MVq7YWXc2bqGcIlC%2F67kDKNctz14uSam9NQvJXxb6KKy4apcxeUVpD9oH2ocU%2F0lhP7uRYIwxGp4JLZjoq333avTVOnduKZL7Z8riGpaGAco9PecJO0oiim1Emclh78bSaTgMNkKAyyhVKpi7Z7%2B5%2BY0QFrdwIw59u40VLnGz5Z0HVa6Zz75EbeNcRA7huh68BD%2Fd11gffeWrxLmZJrbC79Ru%2BraSEuiDVjItKmXRmue4aXFq2Cljlg02QEmtqhraYmb%2BmUzHm85MFvPKuV%2FiDwNIYPPa1kay2Mjg%2BH4yfx2OAnFyJ5EEP5RXD0x74riUxrWvus95dpfVGTnfL6DU6dRUPJEVJ9Gy3yJtCoh9kOVfxOENn44vCYSzDWN8w%2BrOS4yuXSiui%2F9JhPpPnr993ibsr2kJRXNrCEnbi%2BazQyjKeqb2eI9IAVhbykWZldg701Csy4iyQTmVkU70zIhtu6jCtx5DXXrriS5tW6GcAwwl0mUIBegDCNrbsl%2BtObeJcfJzjl4rVKnRCWDFXRnLkQaLn6YSiknz8IlY1cRxXfYOYcUlUH%2Fla2v9SZPK9NA2A5qGbAo8pZGJPT8224%3D&pdp_filters=item_id%3AMLC1596906543#polycard_client=search-desktop&is_advertising=true&searchVariation=MLC47807630&backend_model=search-backend&be_origin=backend&search_layout=grid&position=28&type=pad&tracking_id=973f3754-0ba6-471b-bba0-015bf744bea8&wid=MLC1596906543&sid=search,https://http2.mlstatic.com/D_Q_NP_2X_740501-MLA99464014340_112025-E.webp,1,2026-04-29T05:28:53.229511,E-Commerce,Ariel Peña,auriculares
MLC43534649,Auriculares inalámbricos Bluetooth Wave Buds 2 Jbl - Negro,Jbl,52909,82610.0,35,True,https://www.mercadolibre.cl/auriculares-inalambricos-bluetooth-wave-buds-2-jbl-negro/p/MLC43534649#polycard_client=search-desktop&be_origin=backend&search_layout=grid&position=30&type=product&tracking_id=973f3754-0ba6-471b-bba0-015bf744bea8&wid=MLC3453789522&sid=search,https://http2.mlstatic.com/D_Q_NP_2X_659470-MLA99452931832_112025-E.webp,1,2026-04-29T05:28:53.229511,E-Commerce,Ariel Peña,auriculares
MLC-3378653772,Auriculares Inalámbricos Bluetooth V5.3 Lp75 Tws Ipx5 A Prue,,15595,16775.0,7,True,https://articulo.mercadolibre.cl/MLC-3378653772-auriculares-inalambricos-bluetooth-v53-lp75-tws-ipx5-a-prue-_JM?searchVariation=193678114577#polycard_client=search-desktop&be_origin=backend&searchVariation=193678114577&search_layout=grid&position=31&type=item&tracking_id=973f3754-0ba6-471b-bba0-015bf744bea8,https://http2.mlstatic.com/D_Q_NP_2X_795669-CBT99662392392_122025-E-auriculares-inalambricos-bluetooth-v53-lp75-tws-ipx5-a-prue.webp,1,2026-04-29T05:28:53.229511,E-Commerce,Ariel Peña,auriculares
MLC2690458186,Auricular In-ear Inalámbrico  Yyk-520 Negro,,23990,,0,False,https://www.mercadolibre.cl/auricular-inear-inalambrico--yyk520-negro/up/MLCU972362019#polycard_client=search-desktop&be_origin=backend&search_layout=grid&position=32&type=product&tracking_id=973f3754-0ba6-471b-bba0-015bf744bea8&wid=MLC2690458186&sid=search,https://http2.mlstatic.com/D_Q_NP_2X_636794-MLU77740838765_072024-E.webp,1,2026-04-29T05:28:53.229511,E-Commerce,Ariel Peña,auriculares
MLC18278193,"Audífonos Bluetooth soundcore by Anker Q30, Cancelación Híbrida De Ruido Activa, Sonido Hi-res, Autonomía de 80h, Modos Multifunción, Diadema Gamer, Almohadillas Suaves, Carga Rápida, Color Negro",Anker,54990,159990.0,65,True,https://www.mercadolibre.cl/audifonos-bluetooth-soundcore-by-anker-q30-cancelacion-hibrida-de-ruido-activa-sonido-hi-res-autonomia-de-80h-modos-multifuncion-diadema-gamer-almohadillas-suaves-carga-rapida-color-negro/p/MLC18278193#polycard_client=search-desktop&be_origin=backend&search_layout=grid&position=33&type=product&tracking_id=973f3754-0ba6-471b-bba0-015bf744bea8&wid=MLC2890009788&sid=search,https://http2.mlstatic.com/D_Q_NP_2X_758259-MLA105876138131_012026-E.webp,1,2026-04-29T05:28:53.229511,E-Commerce,Ariel Peña,auriculares
MLC-1928969109,Auriculares Bluetooth Lenovo Le302 + Accesorio Mariposa,,12052,17729.0,32,True,https://articulo.mercadolibre.cl/MLC-1928969109-auriculares-bluetooth-lenovo-le302-accesorio-mariposa-_JM?searchVariation=193249977066#polycard_client=search-desktop&be_origin=backend&searchVariation=193249977066&search_layout=grid&position=35&type=item&tracking_id=973f3754-0ba6-471b-bba0-015bf744bea8,https://http2.mlstatic.com/D_Q_NP_2X_975824-CBT110541847361_042026-E-auriculares-bluetooth-lenovo-le302-accesorio-mariposa.webp,1,2026-04-29T05:28:53.229511,E-Commerce,Ariel Peña,auriculares
MLC-1928932917,Lenovo Rs103 Auriculares Bluetooth + Accesorio Mariposa,,11516,17729.0,35,True,https://articulo.mercadolibre.cl/MLC-1928932917-lenovo-rs103-auriculares-bluetooth-accesorio-mariposa-_JM?searchVariation=193249982696#polycard_client=search-desktop&be_origin=backend&searchVariation=193249982696&search_layout=grid&position=37&type=item&tracking_id=973f3754-0ba6-471b-bba0-015bf744bea8,https://http2.mlstatic.com/D_Q_NP_2X_673590-CBT110541726407_042026-E-lenovo-rs103-auriculares-bluetooth-accesorio-mariposa.webp,1,2026-04-29T05:28:53.229511,E-Commerce,Ariel Peña,auriculares
MLC-2065845296,Audífonos In-ear Inalámbricos Bluetooth Manos Libres,,11691,12990.0,10,True,https://articulo.mercadolibre.cl/MLC-2065845296-audifonos-in-ear-inalambricos-bluetooth-manos-libres-_JM?searchVariation=179067295902#polycard_client=search-desktop&be_origin=backend&searchVariation=179067295902&search_layout=grid&position=38&type=item&tracking_id=973f3754-0ba6-471b-bba0-015bf744bea8,https://http2.mlstatic.com/D_Q_NP_2X_730136-MLC95872796494_102025-E-audifonos-in-ear-inalambricos-bluetooth-manos-libres.webp,1,2026-04-29T05:28:53.229511,E-Commerce,Ariel Peña,auriculares
MLC24531567,Auriculares Bluetooth 5.3 Lenovo Xt80 Thinkplus Negros Negro,,21990,,0,False,https://www.mercadolibre.cl/auriculares-bluetooth-53-lenovo-xt80-thinkplus-negros-negro/p/MLC24531567#polycard_client=search-desktop&be_origin=backend&search_layout=grid&position=39&type=product&tracking_id=973f3754-0ba6-471b-bba0-015bf744bea8&wid=MLC3056095784&sid=search,https://http2.mlstatic.com/D_Q_NP_2X_903747-MLA99457136892_112025-E.webp,1,2026-04-29T05:28:53.229511,E-Commerce,Ariel Peña,auriculares
MLC2396631216,Audífono In-ear Inalámbrico Yyk-520 Negro,,22550,23990.0,6,True,https://www.mercadolibre.cl/audifono-inear-inalambrico-yyk520-negro/up/MLCU360142023#polycard_client=search-desktop&be_origin=backend&search_layout=grid&position=40&type=product&tracking_id=973f3754-0ba6-471b-bba0-015bf744bea8&wid=MLC2396631216&sid=search,https://http2.mlstatic.com/D_Q_NP_2X_905205-MLU73213601443_122023-E.webp,1,2026-04-29T05:28:53.229511,E-Commerce,Ariel Peña,auriculares
MLC37985959,Audífonos Bluetooth In Ear TWS ANC Cancelación de Ruido BUDS20 Master-g,,18990,49990.0,62,True,https://www.mercadolibre.cl/audifonos-bluetooth-in-ear-tws-anc-cancelacion-de-ruido-buds20-master-g/p/MLC37985959#polycard_client=search-desktop&be_origin=backend&search_layout=grid&position=42&type=product&tracking_id=973f3754-0ba6-471b-bba0-015bf744bea8&wid=MLC3494845408&sid=search,https://http2.mlstatic.com/D_Q_NP_2X_629892-MLA99993408507_112025-E.webp,1,2026-04-29T05:28:53.229511,E-Commerce,Ariel Peña,auriculares
MLC2055899213,Alzo Auriculares Con Orejeras Bluetooth Accesorio De Moda...,,55440,,0,False,https://www.mercadolibre.cl/alzo-bluetooth-earmuff-headphones-fashion-accessory-black/p/MLC2055899213#polycard_client=search-desktop&be_origin=backend&search_layout=grid&position=43&type=product&tracking_id=973f3754-0ba6-471b-bba0-015bf744bea8&wid=MLC1344204028&sid=search,https://http2.mlstatic.com/D_Q_NP_2X_676115-CBT53890610368_022023-E.webp,1,2026-04-29T05:28:53.229511,E-Commerce,Ariel Peña,auriculares
MLC26781569,Audífonos Inalámbricos Lenovo Livepods Thinkplus Lp40 Pro Color Negro,,19990,,0,False,https://www.mercadolibre.cl/audifonos-inalambricos-lenovo-livepods-thinkplus-lp40-pro-color-negro/p/MLC26781569#polycard_client=search-desktop&be_origin=backend&search_layout=grid&position=45&type=product&tracking_id=973f3754-0ba6-471b-bba0-015bf744bea8&wid=MLC1455915517&sid=search,https://http2.mlstatic.com/D_Q_NP_2X_947159-MLA100069882621_122025-E.webp,1,2026-04-29T05:28:53.229511,E-Commerce,Ariel Peña,auriculares
MLC2068097213,Auriculares Inalambricos Accesorios Vtech,,80645,,0,False,https://www.mercadolibre.cl/auriculares-inalambricos-accesorios-vtech-plateados/p/MLC2068097213#polycard_client=search-desktop&be_origin=backend&search_layout=grid&position=46&type=product&tracking_id=973f3754-0ba6-471b-bba0-015bf744bea8&wid=MLC1344350516&sid=search,https://http2.mlstatic.com/D_Q_NP_2X_612420-CBT53885481855_022023-E.webp,1,2026-04-29T05:28:53.229511,E-Commerce,Ariel Peña,auriculares
MLC2065044847,Audífonos Inalámbricos Bts Studio Pro - Sand Gray Gris Zy23,,127157,134160.0,5,True,https://www.mercadolibre.cl/auriculares-beats-studio-pro-inalambricos-sand-gray/p/MLC2065044847#polycard_client=search-desktop&be_origin=backend&search_layout=grid&position=47&type=product&tracking_id=973f3754-0ba6-471b-bba0-015bf744bea8&wid=MLC3769114972&sid=search,https://http2.mlstatic.com/D_Q_NP_2X_867216-MLA103218134096_012026-E.webp,1,2026-04-29T05:28:53.229511,E-Commerce,Ariel Peña,auriculares
MLC39962085,Auriculares Redmi Buds 6 Play Inalámbricos Xiaomi Negro,Xiaomi,12990,,0,False,https://www.mercadolibre.cl/auriculares-redmi-buds-6-play-inalambricos-xiaomi-negro/p/MLC39962085#polycard_client=search-desktop&be_origin=backend&search_layout=grid&position=48&type=product&tracking_id=973f3754-0ba6-471b-bba0-015bf744bea8&wid=MLC1585132945&sid=search,https://http2.mlstatic.com/D_Q_NP_2X_802305-MLA95679505222_102025-E.webp,1,2026-04-29T05:28:53.229511,E-Commerce,Ariel Peña,auriculares
MLC2057166673,Auriculares Inalámbricos Three Peaches Bluetooth 5.4 Anc,,36112,,0,False,https://www.mercadolibre.cl/tres-duraznos-auriculares-auriculares-auriculares-bluetooth/p/MLC2057166673#polycard_client=search-desktop&be_origin=backend&search_layout=grid&position=49&type=product&tracking_id=973f3754-0ba6-471b-bba0-015bf744bea8&wid=MLC1900775181&sid=search,https://http2.mlstatic.com/D_Q_NP_2X_926931-CBT108665782320_032026-E.webp,1,2026-04-29T05:28:53.229511,E-Commerce,Ariel Peña,auriculares
MLC2046011989,Sennheiser Momentum Tw4 Anc True Wireless Negro Cobre,Sennheiser,337885,,0,False,https://www.mercadolibre.cl/fones-de-ouvido-sennheiser-momentum-true-wireless-4-smart-bl/p/MLC2046011989#polycard_client=search-desktop&be_origin=backend&search_layout=grid&position=50&type=product&tracking_id=973f3754-0ba6-471b-bba0-015bf744bea8&wid=MLC1905480621&sid=search,https://http2.mlstatic.com/D_Q_NP_2X_669195-CBT108913812936_032026-E.webp,1,2026-04-29T05:28:53.229511,E-Commerce,Ariel Peña,auriculares
MLC54504065,Audifonos Bluetooth Inalámbricos Blik Air500 Blanco,,10990,19667.0,44,True,https://www.mercadolibre.cl/audifonos-bluetooth-inalambricos-blik-air500-blanco/p/MLC54504065#polycard_client=search-desktop&be_origin=backend&search_layout=grid&position=51&type=product&tracking_id=973f3754-0ba6-471b-bba0-015bf744bea8&wid=MLC3772674686&sid=search,https://http2.mlstatic.com/D_Q_NP_2X_698524-MLA104906985128_012026-E.webp,1,2026-04-29T05:28:53.229511,E-Commerce,Ariel Peña,auriculares
MLC-1928988787,Auriculares Bluetooth Lenovo Le302 + Accesorio Mariposa,,12225,17729.0,31,True,https://articulo.mercadolibre.cl/MLC-1928988787-auriculares-bluetooth-lenovo-le302-accesorio-mariposa-_JM?searchVariation=200394154275#polycard_client=search-desktop&be_origin=backend&searchVariation=200394154275&search_layout=grid&position=52&type=item&tracking_id=973f3754-0ba6-471b-bba0-015bf744bea8,https://http2.mlstatic.com/D_Q_NP_2X_975824-CBT110541847361_042026-E-auriculares-bluetooth-lenovo-le302-accesorio-mariposa.webp,1,2026-04-29T05:28:53.229511,E-Commerce,Ariel Peña,auriculares
MLC2235663944,Auriculares Inalámbricos Para Juegos M25 Tws Bluetooth 5.2,,13990,,0,False,https://www.mercadolibre.cl/auriculares-inalambricos-para-juegos-m25-tws-bluetooth-52/up/MLCU120679224#polycard_client=search-desktop&be_origin=backend&search_layout=grid&position=53&type=product&tracking_id=973f3754-0ba6-471b-bba0-015bf744bea8&wid=MLC2235663944&sid=search,https://http2.mlstatic.com/D_Q_NP_2X_837986-MLC92704007653_092025-E.webp,1,2026-04-29T05:28:53.229511,E-Commerce,Ariel Peña,auriculares
MLC29413658,Audífonos inalámbricos Bluetooth Philips True Wireless Tat1108 hasta 15 horas de reproducción,Philips,19990,29990.0,34,True,https://www.mercadolibre.cl/audifonos-inalambricos-bluetooth-philips-true-wireless-tat1108-hasta-15-horas-de-reproduccion/p/MLC29413658#polycard_client=search-desktop&be_origin=backend&search_layout=grid&position=54&type=product&tracking_id=973f3754-0ba6-471b-bba0-015bf744bea8&wid=MLC3509192576&sid=search,https://http2.mlstatic.com/D_Q_NP_2X_695540-MLA99466071594_112025-E.webp,1,2026-04-29T05:28:53.229511,E-Commerce,Ariel Peña,auriculares
MLC18651916,Auriculares Gamer G435 Logitech G Wireless Gaming Headset Color Negro/Amarillo fluorescente,Logitech,64990,,0,False,https://www.mercadolibre.cl/auriculares-gamer-g435-logitech-g-wireless-gaming-headset-color-negroamarillo-fluorescente/p/MLC18651916#polycard_client=search-desktop&be_origin=backend&search_layout=grid&position=56&type=product&tracking_id=973f3754-0ba6-471b-bba0-015bf744bea8&wid=MLC2182495672&sid=search,https://http2.mlstatic.com/D_Q_NP_2X_668441-MLA100031214607_122025-E.webp,1,2026-04-29T05:28:53.229511,E-Commerce,Ariel Peña,auriculares
MLC-1534545651,"Auricular Control De Volumen Conector 3,5mm Lexingham Full",,12167,13519.0,10,True,https://articulo.mercadolibre.cl/MLC-1534545651-auricular-control-de-volumen-conector-35mm-lexingham-full-_JM?searchVariation=185362503779#polycard_client=search-desktop&be_origin=backend&searchVariation=185362503779&search_layout=grid&position=57&type=item&tracking_id=973f3754-0ba6-471b-bba0-015bf744bea8,https://http2.mlstatic.com/D_Q_NP_2X_698260-MLC95378284184_102025-E-auricular-control-de-volumen-conector-35mm-lexingham-full.webp,1,2026-04-29T05:28:53.229511,E-Commerce,Ariel Peña,auriculares
MLC52845211,Samsung Galaxy Buds Core Negro,Samsung,48490,64990.0,25,True,https://www.mercadolibre.cl/samsung-galaxy-buds-core-negro/p/MLC52845211#polycard_client=search-desktop&be_origin=backend&search_layout=grid&position=58&type=product&tracking_id=973f3754-0ba6-471b-bba0-015bf744bea8&wid=MLC3321049352&sid=search,https://http2.mlstatic.com/D_Q_NP_2X_884065-MLA95657767174_102025-E.webp,1,2026-04-29T05:28:53.229511,E-Commerce,Ariel Peña,auriculares
MLC1359614797,Audífonos Qkz Zxt Black Monitoreo Deportivo + Accesorios,,22220,23390.0,5,True,https://www.mercadolibre.cl/audifonos-qkz-zxt-black-monitoreo-deportivo--accesorios/up/MLCU73637768#polycard_client=search-desktop&be_origin=backend&search_layout=grid&position=59&type=product&tracking_id=973f3754-0ba6-471b-bba0-015bf744bea8&wid=MLC1359614797&sid=search,https://http2.mlstatic.com/D_Q_NP_2X_755901-MLC92330853061_092025-E.webp,1,2026-04-29T05:28:53.229511,E-Commerce,Ariel Peña,auriculares
MLC54456267,Audifonos Bluetooth Inalambricos Blik Soul250 Gris 20Hrs Gris,,10396,19990.0,50,True,https://www.mercadolibre.cl/audifonos-bluetooth-inalambricos-blik-soul250-gris-20hrs-gris/p/MLC54456267#polycard_client=search-desktop&be_origin=backend&search_layout=grid&position=60&type=product&tracking_id=973f3754-0ba6-471b-bba0-015bf744bea8&wid=MLC3491014212&sid=search,https://http2.mlstatic.com/D_Q_NP_2X_682832-MLA99364858148_112025-E.webp,1,2026-04-29T05:28:53.229511,E-Commerce,Ariel Peña,auriculares
MLC2967613338,Jbl Tune 310 Blanco,Jbl,14990,19990.0,25,True,https://click1.mercadolibre.cl/mclics/clicks/external/MLC/count?a=e39YnKGNE27%2Bn5wBa%2Bz1SbDq8esqqUnQtuLQgeIjEEQSsf8475EJrJ86bxXDmww%2BzJZnskjMJRyxY1vCyT7zn%2B4adCOJa%2BnimTGpf5y%2BbCPkjwZ47%2Fvj%2FUZIqQsYdFoYy7nHsbjTUENXiL4RXCWPdyAgbE7oBeySNtMj5gsSXeBvt6vALgKYwb%2Bt03RrJgaVa%2Fy%2FcEr0qjhO3d5%2BJCsc442vUS44%2BRRk1GnCaki67002lB3sRc4TTf%2FAXWKpeavMJ5ZKMNj6oMUAh%2B2t2CC8aT21irx3jq4BOUlkZJYz72I%2Fg2OdgkONEpYep7LvZyPZuMMpb%2FCoUavoMq4BlOXiZzLKYRPBhuwasduqhY9V6Qr%2FRBSaWuXOGCC2peyLuF5qJmJ6VKmgxxWYwEVy%2FsKIkYIneC26B%2F3N40yu0HlWBwmM0nJIOvdze%2FQkXmptq%2BJmug5LqzT965Z7TtMkrrKc46TCdePYONi7R9155g7N7k5YTjpLf8v%2BrSWfKayiWRu7hjySYlY0hyqUO1e5OHDs1gJuUk89iOfIadFCYLEaMu89wsGgDFCLHCnGbX7LG5O3FwPxp%2FWDhrfvqf7U7Y8Kv81AKcSiZgcbyQoLzCbLX%2FkA1XJXLFg5grcgM8j9%2Ffs%2BuVGRhZtFN5L%2FNoixnvbqpsTet3fwiKrMmTFQwUiRdVFTgWFoSjCHXVv0Ms0NcjSlfCgjQBP1fkuH99qkl2cztM6kaOHEs%2FdbQg1L6MxvyyA4sdJYg4iL3ZKo%2BUn4%2FiBLBcCDRg0ER%2B3QCVUrp%2FVTUpTMOLGsRFlPpk8gFqE4h1sRALyaCcYE8jLZCEZLP474USBk4xAeWPXEgjtZcOsvBj2msFjYqPBmQPrGD8NvddoTxQpaYG11UiqSslyaBbSH4FSmWmyf6nqV6FyXBeCdMY0whJcssLmivtylGzip3pkH6NjL68HX6Rc9JfZOzakysw58Zg%3D%3D&pdp_filters=item_id%3AMLC2967613338#polycard_client=search-desktop&is_advertising=true&searchVariation=MLC41693739&backend_model=search-backend&be_origin=backend&search_layout=grid&position=1&type=pad&tracking_id=3d4246b9-3b63-4953-b9da-c53a77f37320&wid=MLC2967613338&sid=search,https://http2.mlstatic.com/D_Q_NP_2X_615773-MLA99429901144_112025-E.webp,2,2026-04-29T05:28:53.229511,E-Commerce,Ariel Peña,auriculares
MLC54456267,Audifonos Bluetooth Inalambricos Blik Soul250 Gris 20Hrs Gris,,10396,19990.0,50,True,https://www.mercadolibre.cl/audifonos-bluetooth-inalambricos-blik-soul250-gris-20hrs-gris/p/MLC54456267#polycard_client=search-desktop&be_origin=backend&search_layout=grid&position=5&type=product&tracking_id=3d4246b9-3b63-4953-b9da-c53a77f37320&wid=MLC3491014212&sid=search,https://http2.mlstatic.com/D_Q_NP_2X_682832-MLA99364858148_112025-E.webp,2,2026-04-29T05:28:53.229511,E-Commerce,Ariel Peña,auriculares
MLC-3835189648,Auriculares Intraurales Deportivos Qkz Ak6 Con Micrófono Y G,,10590,13578.0,22,True,https://articulo.mercadolibre.cl/MLC-3835189648-auriculares-intraurales-deportivos-qkz-ak6-con-microfono-y-g-_JM?searchVariation=192551652794#polycard_client=search-desktop&be_origin=backend&searchVariation=192551652794&search_layout=grid&position=6&type=item&tracking_id=3d4246b9-3b63-4953-b9da-c53a77f37320,https://http2.mlstatic.com/D_Q_NP_2X_962029-CBT109179086148_042026-E-auriculares-intraurales-deportivos-qkz-ak6-con-microfono-y-g.webp,2,2026-04-29T05:28:53.229511,E-Commerce,Ariel Peña,auriculares
MLC34957642,Auriculares Inalámbricos Hoco W35 Air 45hrs Long Usage Time Color Azul Acero,,11990,19990.0,40,True,https://www.mercadolibre.cl/auriculares-inalambricos-hoco-w35-air-45hrs-long-usage-time-color-azul-acero/p/MLC34957642#polycard_client=search-desktop&be_origin=backend&search_layout=grid&position=8&type=product&tracking_id=3d4246b9-3b63-4953-b9da-c53a77f37320&wid=MLC2798888144&sid=search,https://http2.mlstatic.com/D_Q_NP_2X_789785-MLA99956777649_112025-E.webp,2,2026-04-29T05:28:53.229511,E-Commerce,Ariel Peña,auriculares
MLC19756060,Headset Gamer Redragon Alámbrico Hylas H260 Rgb,,15590,,0,False,https://www.mercadolibre.cl/headset-gamer-redragon-alambrico-hylas-h260-rgb/p/MLC19756060#polycard_client=search-desktop&be_origin=backend&search_layout=grid&position=10&type=product&tracking_id=3d4246b9-3b63-4953-b9da-c53a77f37320&wid=MLC3560140424&sid=search,https://http2.mlstatic.com/D_Q_NP_2X_814946-MLA95836949691_102025-E.webp,2,2026-04-29T05:28:53.229511,E-Commerce,Ariel Peña,auriculares
MLC61332479,Audifonos 4ta Generación Compatibles Con iPhone/android Color Blanco,,14990,,0,False,https://www.mercadolibre.cl/audifonos-4ta-generacion-compatibles-con-iphoneandroid-color-blanco/p/MLC61332479#polycard_client=search-desktop&be_origin=backend&search_layout=grid&position=12&type=product&tracking_id=3d4246b9-3b63-4953-b9da-c53a77f37320&wid=MLC1923719923&sid=search,https://http2.mlstatic.com/D_Q_NP_2X_605039-MLA96508849001_102025-E.webp,2,2026-04-29T05:28:53.229511,E-Commerce,Ariel Peña,auriculares
MLC1923719923,Audifonos 4ta Generación Compatibles Con iPhone/android Color Blanco,,14990,,0,False,https://click1.mercadolibre.cl/mclics/clicks/external/MLC/count?a=%2FTYACyXZB0BKqeolE1VI%2FleFOE0CohXUvAOVu0KtdTjZ8i4%2Bhg0IX8OYovYDSGi28xx4e81laE%2Fp%2FKMoVT03FhgITlPBX7lTqJgQt6cUPP%2B0VraB%2FBsi4czfZkgHL1qqjYMCkuZ458RH%2BRPTucpOMk4xEaCHXD1ipgCqx1aEqWlo3MlD3DBGRCRYWr5IPZUMkui15zow2hWFmh9Ybzk1RH%2BMcAAHekTmblvBwIJFoEAAX55goVkMt94D7G5F5TsVao6F7FXvkEDPoANC1j5O3kLcEgRj6zY0SNPsaD%2BWqpwBAYXFmMZMQ6vWsRPM58nbBzhUx8C5Ua%2FFHOjNSkfl1j5aG1BiBjK5NoERldtu3hUGwOX4IWlcCPZe3ZTPF%2BcPumQkCe4Nn3qQdAXLHVuc3GItyNPggAiBAVQd%2FO%2FAU%2F%2BWNZf%2FDLoXOtWaFVw1EwHmxdvvEkQ9dacB4YDGbt6ZEe3BLlH4oOuOw8rrAzYe7GhJDuAkcqj2c4WyJE3BV0RoUrspMptVHgoGGszg%2BKdoUwAbwlphoYfxZiXnTKz6JJDmzhb3Z40ngt7J9xw8WWAn8v5kPbuEwiCglv8t6dnC%2BKgb%2FYlr4BmKl8035lVC950NX8szKvNTcludwRffa3ASBeS5zajMPI8cJQXU%2FJwWUP%2FkfDfupV8a6p8GLimhK%2Bauqo8E0hBjCoVSRWnoNesBx7CcB%2B%2BAKkuRyvIdvhnt1TDkd2B9we1I%2BR5g2VSSQ4ZPIki6IvH7Q5%2FWlrIHvcNit%2FXlfozFA6hxVJKTdUj6egeRMG9NXNcDVgBc3SuOBGQzwX33dVWVi%2BQHtm942HH6jzQ22vrujDaf5zDpg86H3BVqq%2BC6Fr9AMlt%2FFDIsW86%2F%2FrDmw0bG9n4xfKvYXa9GA6KOdXNcQsCAD8GanHYo%2FPBzPuXV2reXguhiibFZ12q7bUCMlFcWtjHyVZWHZrFoRGJdKtH%2Bi1mOTsJxfmCbHQhaV6KHb3EyIjL%2FWWaclJb4%2B%2BLySOocDRM3IM%2B3kHHn8be2cvkL&pdp_filters=item_id%3AMLC1923719923#polycard_client=search-desktop&is_advertising=true&searchVariation=MLC61332479&backend_model=search-backend&be_origin=backend&search_layout=grid&position=13&type=pad&tracking_id=3d4246b9-3b63-4953-b9da-c53a77f37320&wid=MLC1923719923&sid=search,https://http2.mlstatic.com/D_Q_NP_2X_605039-MLA96508849001_102025-E.webp,2,2026-04-29T05:28:53.229511,E-Commerce,Ariel Peña,auriculares
MLC2078136560,Audifonos Bluetooth Deportivos Para Conducción - Aiwa AW-ACF1 - Color Negro,,21990,39990.0,45,True,https://click1.mercadolibre.cl/mclics/clicks/external/MLC/count?a=%2BWowmfIEuuq3rMTEce7MgtRDqopl0IkoVJQRZ9lbuSRSR5PeRSN8i6Gy9GQrnykaRXKw70eBPh4rmOxjrWanxJQTPctnq1y0Ui4xN9THkU1FpgkVZ5gZcUbTtdgOclfLE9fk6tvWesvyrLEJCIoKWRgtvLKkxdw7F8MTWEdqgvmCd0sNGLhfL%2BBF8wkUKuYYE9BFWaU%2BZm%2BI2oHW3uMbL4uvUQvwdA77EMlAY68ZSlqfzKTGGdliRRWqJRSAmsivm3fD9PP3sHrz1cwOpA%2FlgQAARKCICOyzToaUqI5Nr6ucrD87a84AGyko7TDTar3M415dw2pq8gwF8%2FYQPaVmMJGjTCF%2BQlkepsR6ms1ZOO8lLbnhQfgqvFt%2ByyLHM2eQmYqSM1MR0D2mK3jwnXgxUttgEo%2BXKu7SOSJQDwlOrRCY1LA9qh083PXipYeD1E%2BONJ%2FwrjkWgsKCrpLjnT%2BVLY2T3WXYUAkKaBQgEQE1nVfRDMibxi0Hg3Lm0MdkgJT8rwZQJavpf6DITtZ0HKze1ZdbIB%2BkFWwfUsPPqrYvt5yHrB3skinBCOd5b3bRLHkMbBlJR%2FmdZkIwOTEK8%2BTiFMaLXckK%2FrmiHvCn2ZympQGX0Nica9S4LAPHUdEPXSObrX7DiUOg3U73XKmgtr7z2JTZXLqP%2F3QhPliN91u3G9diVfdgOdTW%2BFmNfQQyQsEtEaqW0sCtMDKMds53Co1nAQVonUZmepHNRH6D4E6AZlOWi2E%2BbLqCD86hEMIkKB%2F48ywljib2GDHiCt%2B5UT6%2BZx26tAIp%2B1pdPWeNFnd8t3pap4xi%2BAq2U91cF3S1vkOxnjhEnm3WnYYSCf4BWgMVDZ2rssFywnRb0n5HsnQA4Jt%2FIrPyJxheSvQw63J1aYFialQUATpABEaZRGyUA8wMsMvRYsl%2FZQIsSFozCnrWyzWq8FmEfGB%2Fd8iZ02atOeGBdflFVBYlQ%2BAaSG8m6MsbMsxwGTuFn4NaT0Ewj9pz9%2BfC65p%2BAGEqKeEzkuox71qR0fF1xyU90VzJ&pdp_filters=item_id%3AMLC2078136560#polycard_client=search-desktop&is_advertising=true&searchVariation=MLC27890949&backend_model=search-backend&be_origin=backend&search_layout=grid&position=14&type=pad&tracking_id=3d4246b9-3b63-4953-b9da-c53a77f37320&wid=MLC2078136560&sid=search,https://http2.mlstatic.com/D_Q_NP_2X_790629-MLA99935523735_112025-E.webp,2,2026-04-29T05:28:53.229511,E-Commerce,Ariel Peña,auriculares
MLC1552199168,Audífonos Sony WI-C100 Inalámbricos YY2957 Color Azul,Sony,20990,25990.0,19,True,https://click1.mercadolibre.cl/mclics/clicks/external/MLC/count?a=wi%2FaWrFy%2FK2RbHvummi%2BW8YGVgDv5ip3phyjQcLaBpfYQ9mHqJWMLAaAEWdtxF2hdkUvmfHeOFejrZml%2F08vCMlG2%2F3AOTW7WrgJA5jIQwDcbuHxoTDENECTwcMpOYJEE8k3wUnQORDOgUAnm6ELMjYQAPb6fDbgJs7Ybo4Cyq9QbA7tb0yEh217RNVSVcM022iuYsRqVUB0AUMqtrUmMdXeWr7l6pAvC64uadeJRs2QYQDXRFF9OzYtEx46XK8WCSPltP1vzi%2BKxMUD3Rc7Os1AlvlwKp77bsUAKRVKXU447sPCgVsMAz76K4%2B1x0J7vp%2BCE%2BjQfQs5dTMjwLZ6lhWafUAbIOuI48JNDFr7rdJ%2FM%2B6utUdSjMDQW3F6f2%2FWPAj%2BILKul9EV%2BC0njRytQ7U96hm60r8rZqfZXGkQ%2FLJVtHP7bGRiv7G4KFMJHOlSNcHxKb%2BMbWoIMAEz0hR2ylcHm%2FLeAcSdqthhHDsO3FfYtyhVe%2BWCSXXxKUJUKVBI4sF4pNllqMY%2BCiiRUtMS9iXn5Ghp3qQsLhvdqxDk6CNIBLnuwQrAOpURSdZJuHb6l3q%2BYu36lttTblNzrQ6oLx6G4BJ%2BmejOmI86goIVGhlSpydqecyDhu3JslG8ZndXDoMEedD64PL7BSbySnFV6MrzwXeMrhkNsTO%2FiLdhq71bOq2WGIa0%2FjZGqnFaEqJkQFfqOt9d9LDzSKB06iT6D%2FlVZzcBwA9hzIFjE87nxv19gydCD%2B2BGs3C3B3QmPkmhMQmGJBDyAC6eTShGgJ1k134COSEIdklvjZZbZaWaGrXzSxKIfE2vzrHfqUUqfJeZJP7M%2B67FFwMKy3wxjl1TL9HFt8fT4Zy4ocus1hP0TnYRlkPMwl%2FZwu9iqO6lYPn2zJOizpCG3Cf%2Bn3F%2B3sAWgUhyKsJ3dagbNMpsL%2BNwhUuo7IyGaNlterzk%2FUQKpYCf0J%2FP65c%2Fo6Bbzq%2BVM49WMBme3ATftNdEgAo5sZ5gVCl2fEvqo0CmQ%3D%3D&pdp_filters=item_id%3AMLC1552199168#polycard_client=search-desktop&is_advertising=true&searchVariation=MLC26990277&backend_model=search-backend&be_origin=backend&search_layout=grid&position=16&type=pad&tracking_id=3d4246b9-3b63-4953-b9da-c53a77f37320&wid=MLC1552199168&sid=search,https://http2.mlstatic.com/D_Q_NP_2X_791154-MLA99991829629_112025-E.webp,2,2026-04-29T05:28:53.229511,E-Commerce,Ariel Peña,auriculares
MLC-3919264234,Auriculares Hifi Qkz Ak6 Ares Monitor Grade In Ear Con Micró,,15549,,0,False,https://articulo.mercadolibre.cl/MLC-3919264234-auriculares-hifi-qkz-ak6-ares-monitor-grade-in-ear-con-micro-_JM?searchVariation=201071003363#polycard_client=search-desktop&be_origin=backend&searchVariation=201071003363&search_layout=grid&position=18&type=item&tracking_id=3d4246b9-3b63-4953-b9da-c53a77f37320,https://http2.mlstatic.com/D_Q_NP_2X_776193-CBT111008301023_042026-E-auriculares-hifi-qkz-ak6-ares-monitor-grade-in-ear-con-micro.webp,2,2026-04-29T05:28:53.229511,E-Commerce,Ariel Peña,auriculares
MLC-3919603554,Auriculares Intraurales Hifi Qkz Ak9 Pro Con Micrófono Para,,16875,,0,False,https://articulo.mercadolibre.cl/MLC-3919603554-auriculares-intraurales-hifi-qkz-ak9-pro-con-microfono-para-_JM?searchVariation=193870867984#polycard_client=search-desktop&be_origin=backend&searchVariation=193870867984&search_layout=grid&position=20&type=item&tracking_id=3d4246b9-3b63-4953-b9da-c53a77f37320,https://http2.mlstatic.com/D_Q_NP_2X_774987-CBT111010784627_042026-E-auriculares-intraurales-hifi-qkz-ak9-pro-con-microfono-para.webp,2,2026-04-29T05:28:53.229511,E-Commerce,Ariel Peña,auriculares
MLC2042961281,Elecder I37 Kids Auriculares Niños Niñas Niños Adolescent...,,25858,,0,False,https://www.mercadolibre.cl/elecder-i37-auscultadores-para-criancas-criancas-meninas-/p/MLC2042961281#polycard_client=search-desktop&be_origin=backend&search_layout=grid&position=21&type=product&tracking_id=3d4246b9-3b63-4953-b9da-c53a77f37320&wid=MLC1519344485&sid=search,https://http2.mlstatic.com/D_Q_NP_2X_950729-CBT78509094132_082024-E.webp,2,2026-04-29T05:28:53.229511,E-Commerce,Ariel Peña,auriculares
MLC50184502,Audífonos Bluetooth Sleve One Over Ear GPS Integrado App Customax 45H IPX5 Resistente Agua Bluetooth 5.4 Negro,,19990,24990.0,20,True,https://www.mercadolibre.cl/audifonos-bluetooth-sleve-one-over-ear-gps-integrado-app-customax-45h-ipx5-resistente-agua-bluetooth-54-negro/p/MLC50184502#polycard_client=search-desktop&be_origin=backend&search_layout=grid&position=22&type=product&tracking_id=3d4246b9-3b63-4953-b9da-c53a77f37320&wid=MLC2898336694&sid=search,https://http2.mlstatic.com/D_Q_NP_2X_977307-MLA99933383533_112025-E.webp,2,2026-04-29T05:28:53.229511,E-Commerce,Ariel Peña,auriculares
MLC2063846816,"Perytong Auriculares Para Dormir, Auriculares Inalámbricos Y",,34432,,0,False,https://www.mercadolibre.cl/auriculares-accesorios-antifaz-ajustable-y-comodo-si/p/MLC2063846816#polycard_client=search-desktop&be_origin=backend&search_layout=grid&position=24&type=product&tracking_id=3d4246b9-3b63-4953-b9da-c53a77f37320&wid=MLC1532977555&sid=search,https://http2.mlstatic.com/D_Q_NP_2X_994661-CBT79761061469_102024-E.webp,2,2026-04-29T05:28:53.229511,E-Commerce,Ariel Peña,auriculares
MLC1765387523,Audifonos Inalambricos Compatibles Con Iphone Y Android Anc,,19742,24990.0,21,True,https://click1.mercadolibre.cl/mclics/clicks/external/MLC/count?a=zzvFIbqgVyhn5%2FTVdZf92rnfismO1b23YGpwPxoEYFP5ykI6z2Rp4gMFhk0TI454EjhziKhdWuEWAK390DzRvXRz%2FZWtV6FdLxi%2Bz0DApX39LCSaMR8KwOqNUy43Gan8VJKW3kAcKmIJgrnIiJvmk5c8Oaurf4%2FI5i2V%2BgOV9GVqczwXuUOEsCV4MDEiViwz2ioOw%2FwGQ5UAxbM7fwgGB78uxqWD6rhyE1OmsAFK%2F9D%2BygPlYHKLs1GKdu4ktneBZMx5fzY9JwxXY1S7lU4IloJ1TmQPAJ08zTJYrH8DGkQf273kie5NvgpqRqwHebElJCoRIkm1Ls6tX85BEuYDhhVT42J2xdFNut93cb8yiELdx67n2B7GRJkdLVyjLFCPIOgwtVvTP4PaDYAK5sSfAnp8b4%2FZFcbt1%2Bu8e5RRg3XdgRZVGte3qtYlxMoyS20BVsKhO0k311owWEOftA%2FbWGavdnvInx6sHbuxAQcyp30uV9cEru7Un4jMFw5ilwFP5bCV7QtHcSq1y0zoUz4ITLdXPjh8nV%2FVJIGzjdIENjeeCf6Ki79FpHDnHa6eh%2Bt5yneOWrPgW3owMPbhwx4ggl4DGmbT6gEQ64fSxZ1DsC2Ooc8RJIAYRN37Wp21TFOrBbCFB9eL%2B7jJny811jSfiLsojeWSf8TUw0buPSh21DrI%2FIcHBNH7lWIVts2iURkYrSYKdk4FaZEmakJji3egb5R%2By%2BDfFzOP1VJ%2F7VUUbi4ByNu%2BohpagALCeTVolncKZU9qlUdfAXJwhwgCcQX4XoeraU3p3aPzzxPz1MMmupGr4DaV4uyFuLQ5R%2FZz9VhB4hKOxWldvcH8CJIfuKPWjuganGm%2FUD2M7OwTxH1u0Xhf9amByvsjmce6S0ogkSGwSrPHQYmcHchpEcVFcXnHDtt6uJl90bPypfqXvhTdVdtDJRyvPH3NIhgTYFP6ptwtB8IKrLPUumCRZwhyAeTw8GkGHKQzc25lcnbzzlqNcAbl%2Bdqb7EjjwuR8%2FCgWd2yCTbrpyzQ%3D&pdp_filters=item_id%3AMLC1765387523#polycard_client=search-desktop&is_advertising=true&searchVariation=MLCU3622575827&backend_model=search-backend&be_origin=backend&search_layout=grid&position=25&type=pad&tracking_id=3d4246b9-3b63-4953-b9da-c53a77f37320&wid=MLC1765387523&sid=search,https://http2.mlstatic.com/D_Q_NP_2X_668086-MLC98934592352_112025-E.webp,2,2026-04-29T05:28:53.229511,E-Commerce,Ariel Peña,auriculares
MLC1743980943,Auricular In-ear Yyk-526 Bluetooth Usb Manos Libres,,17990,19989.0,10,True,https://click1.mercadolibre.cl/mclics/clicks/external/MLC/count?a=3Ue7XQN%2Fb8XN6BFZs9T0VKWe3NW8YnSJ1q%2FgQd5b0WTr4cclQbd0%2F2G5sHBbRDwF71gDUfxJ75H%2BaG4Lk5wxRVxzNwju80XKHcFm2pxB141zzi1WrMMZhOHRqpyeYQ7zriPe5c6HGKj13VhnL1cEKiDcrKgRtEC3XLvUAdps2FAnEMZi2GPysKTVEeuNRkSw0VtsToIgrn1RWx1cFVTOXfpLbChaj6Du6qoSzIulfu7kzih%2BX7L7h%2FmrCRnDcvxTjgR49xXaiZGMTAbiPDwuzUvEyNeEM36pYCQjC5WS%2Fw64kG70811DXSHkzijfk7f2nBGtoOclXrh2b4TACeKm9OR5EAL8mNz4%2F0vuTU6GsC1I2sRRrfsXoQ5P8peo%2BGPKHjkHKv1YlGSkVW5j1QML%2BSuNkUL52LCxzc6GesQ7XGK2TSFCXgUS97UayDhToz7RBUAnG4%2B3vpWDMPUV3uHQ%2BIkzsY9JDyD%2FExkhAsqcRuqEDCFZDN7fUHsVvcso9BLr4caS30HsN8eMt83yMeDcCdN9VXCzaByNRGOAFw3wLxKlA0747jx0r9li4T%2FrvZcHEHzSHj89zzJ0DRXIAPXUdonfVmn1IEgPh0uskzB24D%2B0g%2F6xYiJPkwIocyvjzAs0JXwmDu9DI%2B5CNb1HgyhDdqpSyzo6aRJRSjq52YKEnaEyv2BEsA5SbT325pe5HgyZheG%2FH6s0yY3MqQuUXK2wdQNMLVGeqvo8GIk%2FUv8ZFt%2FA6hs6IKgihNunnuexjdE6aFZe9X%2FaCNc%2Bq4XiKJS92Vth6fuvbWsTT%2FILo%2BHJA5TK9Rr8gYonG5DfAhWwKG9iLsiPeW26wFNvjw%2Fiouw0IJBL64ZJmKT9nmHot1dPNE6EC1cl2EBBuBMX6njSdam9kztyp0GGKSnkZaESsQcRnknBlvFQdIN0jqte31jIC%2BlzI2kpNRUlKK7H1uD%2FtrPVhq7zOBcQtJX3cNQD5zOrjOHlPblFZidZPfgCc%2F1qE2jXlxVORG2AWmGU&pdp_filters=item_id%3AMLC1743980943#polycard_client=search-desktop&is_advertising=true&searchVariation=MLCU3542830344&backend_model=search-backend&be_origin=backend&search_layout=grid&position=26&type=pad&tracking_id=3d4246b9-3b63-4953-b9da-c53a77f37320&wid=MLC1743980943&sid=search,https://http2.mlstatic.com/D_Q_NP_2X_948077-MLC97311284461_112025-E.webp,2,2026-04-29T05:28:53.229511,E-Commerce,Ariel Peña,auriculares
MLC1923941057,Audifonos Bluetooth Blik Game-x Baja Latencia 30 Hrs Azul,,14490,,0,False,https://click1.mercadolibre.cl/mclics/clicks/external/MLC/count?a=5sYUDdTAoRv1ur1wlJXN%2B%2BHqmnDXp32liUHm3t8Z0cfiWxK%2F7OTNleIwabFZGtCElhxRB8TY%2BEu3BJmen2dUMsE66t7TWYETNuYpa5fmbzI0zkNQEQVuvYkWQLBxejAxHT66Qvlp1FJAZ0cLCrMZe9%2BulgEbGEvkNA4kteA2Ds5cdf3liQZ53hUW3gNOyvZqd4Z7aRzwf5%2FDBJLkMhB6Q%2BZXrrdmI1apuzs4fqVFIU1F5YT8WhQ%2BR5vS8%2FragJ19M8HD4qVZnPhhBZSOwBleD8JtwjmYyvF8%2F%2B2yPb6j3zVwuc3PsZPOC5MiP%2FPv43UDORTl2RXgHgFiLbXEmjSqya%2FenMaW1aFP3XxrAT1uqbQtXYQzGn6oxqiky%2F%2BS%2Ft1psLATH5xZemR%2BJygthyfjstKgk1jhV%2B9tHM7XNwFelSTROIljqKpHdk%2BGSCWLQawVVObGin39vlFYj4unz%2Bdp%2FvAiet%2F6nWFW18BNeRS%2BKuz3sgJ2%2BXXI7SkBMbp4sLr2NXd33ESN29GNsUZ0pMsthvqMkZPISx5TOMvo0zEeRaI1XZ1PP%2FSuBrjdhcDbNHAhNLpaPW7hRKKCkJ3N6RiYgbBk00b5YV5DDb0GEJ8NuTADLIh7ugKz4AktNfCEIX9cPXmTFKx2GQa%2FPcRDOMGpfEja1rVzQyAprSY3nBIs0GcA%2FXydK%2FLML275%2BVklSnrgFtynAZP%2FBUQ7RuRnbY769S7NaJSWVGzSfsjD35OpaNP7rDg1oYky%2FnCCewokR25vWLihXzOQOF7mfkrx0EL%2F7UvezpoMq4DQPGPYuXA%2FBJNmHYsI9z4uJCSOYqYwLAI%2F4qOeDBcPuYXeSs%2FooLejz3Q4y5x%2BChk%2FunygggPnDcofCpAHOVeiylIUW40TtwFzXF1L8pbRH%2BC3wEwPdUkKtr7Y0%2B130GGU28WX3K%2BcgZPJWVK8rBIJ8bHtEvc3DsAjFySlLYBUiEPRsRroKOFwmh3IVF%2BDYtpc%2F8RpBU%2FNTN7OVDUePfaSAz0E4Jdl&pdp_filters=item_id%3AMLC1923941057#polycard_client=search-desktop&is_advertising=true&searchVariation=MLC54287500&backend_model=search-backend&be_origin=backend&search_layout=grid&position=27&type=pad&tracking_id=3d4246b9-3b63-4953-b9da-c53a77f37320&wid=MLC1923941057&sid=search,https://http2.mlstatic.com/D_Q_NP_2X_841707-MLA99508298968_112025-E.webp,2,2026-04-29T05:28:53.229511,E-Commerce,Ariel Peña,auriculares
MLC1872729977,Audífonos Kz Edx Lite In-ear Gris Gamer,,12591,13990.0,10,True,https://click1.mercadolibre.cl/mclics/clicks/external/MLC/count?a=NvJj3fzQEDPYJGKkBfaOmDDvECwVmKBdZl8fGM6d%2FloIOJ%2FKV4lpesBew8KHjqf2PceeLOymRYfA1eZijCue8NYN7coQYyatVqnFVDYS2%2Fet0Sg3e2Tf7L8izk40bqiRHLv5H5YRGoUrmLqLXhYeJ2qGhHmfNW%2FkKLpIecgOwXfP13RouCqQoBdy34sbW5s7UQlfB7TINVLVkMX%2BldxBOCGLkp2sjfDIuePKDYXBOdeWwqn5jwqrvsqqf%2F%2FhSkLYsoMbtjH9HGeBe8kLD2ccam%2FeLhzzOXOsOhsmStYoq4SN150dp9SQNGExgEW8UW3mLbCh%2BTFup6RYbWvqkpjSGp2uxqOAJI%2Bu7A%2FnCMge5zu7G3Cjlp7PoHR9blQYaV%2FpFg5xAjljw2aC4zoWAn2fSmteCTELrXLScSFzmuBZ43ZI%2B9mmgyiAxARD9hJNGzhWJZWnXn2WaBJiONwFTK2zP5b9Nh2cFKHRVoWw6Wj2UaiallQR2IaIqMleqJ46p5wu7sPZUPDkoweihxOZpAdqnOHv44tT7%2Fm85vo18nerAgNMygwH%2FnUYpmNZ%2BlZ%2FgrdS9MqDPZMJn%2BZUe7rEqHWrIk2P9j32WYUaR3K9zE%2FrVwyK%2BZTmwX4RXxGQ0AJCh0cvG9tRzUTdFZWsN6vuSuTvQ8suURohyuCCdpMzm9GcJdzoXt4S%2Favla5iXTkadPa1RRY3Q8F4kkdHb5%2FKdJISNIdI4EZLYWvn6A0ajsrWxEjqGlMwEALMYeq%2Bgv14U6GbBhSWactMFIuKq3A24QegYAw1hdxoiom3UQpZXH6ywo9Nxpux9zuhAzortWcFUDI%2FbI1WisMZycw8nizShywprjd7MhsxnBD70xDYB5k3UEzouzIMbUjGXR0FxRb0XiM3quXbf3rEXc2TPKjBZMAsFZhbG9U%2FKLgITnRfSrv8%2Bm0x%2FBtQLZ7AYThTxHWe4lMJU4QSu4EVr2GMPc3wpmCYyhEPpBAoXzhMsyHo%3D&pdp_filters=item_id%3AMLC1872729977#polycard_client=search-desktop&is_advertising=true&searchVariation=MLC39944736&backend_model=search-backend&be_origin=backend&search_layout=grid&position=28&type=pad&tracking_id=3d4246b9-3b63-4953-b9da-c53a77f37320&wid=MLC1872729977&sid=search,https://http2.mlstatic.com/D_Q_NP_2X_771912-MLA99972084551_112025-E.webp,2,2026-04-29T05:28:53.229511,E-Commerce,Ariel Peña,auriculares
MLC28121604,Auriculares gamer HP Gaming H220GS 8AA07AA negro con luz azul LED,,12500,,0,False,https://www.mercadolibre.cl/auriculares-gamer-hp-gaming-h220gs-8aa07aa-negro-con-luz-azul-led/p/MLC28121604#polycard_client=search-desktop&be_origin=backend&search_layout=grid&position=31&type=product&tracking_id=3d4246b9-3b63-4953-b9da-c53a77f37320&wid=MLC3575740692&sid=search,https://http2.mlstatic.com/D_Q_NP_2X_890474-MLA99985123027_112025-E.webp,2,2026-04-29T05:28:53.229511,E-Commerce,Ariel Peña,auriculares
MLC35725883,Audífonos Inalámbricos Sony Pulse Elite Playstation 5 Pc/mac Color Negro,Sony,152990,179990.0,15,True,https://www.mercadolibre.cl/audifonos-inalambricos-sony-pulse-elite-playstation-5-pcmac-color-negro/p/MLC35725883#polycard_client=search-desktop&be_origin=backend&search_layout=grid&position=33&type=product&tracking_id=3d4246b9-3b63-4953-b9da-c53a77f37320&wid=MLC1490672659&sid=search,https://http2.mlstatic.com/D_Q_NP_2X_695980-MLA95503014836_102025-E.webp,2,2026-04-29T05:28:53.229511,E-Commerce,Ariel Peña,auriculares
MLC2069945582,Auriculares Inalámbricos Daysnew Db100 Para Ver Televisión,,101499,,0,False,https://www.mercadolibre.cl/wireless-headphones-for-tv-watching-with-charging-dock-/p/MLC2069945582#polycard_client=search-desktop&be_origin=backend&search_layout=grid&position=34&type=product&tracking_id=3d4246b9-3b63-4953-b9da-c53a77f37320&wid=MLC3773337820&sid=search,https://http2.mlstatic.com/D_Q_NP_2X_742483-CBT108968063871_032026-E.webp,2,2026-04-29T05:28:53.229511,E-Commerce,Ariel Peña,auriculares
MLC1209422789,Audífonos Trn Mt3 Nuevo Modelo + Accesorios+ Case Protector,,27626,29080.0,5,True,https://www.mercadolibre.cl/audifonos-trn-mt3-nuevo-modelo--accesorios-case-protector/up/MLCU63056486#polycard_client=search-desktop&be_origin=backend&search_layout=grid&position=35&type=product&tracking_id=3d4246b9-3b63-4953-b9da-c53a77f37320&wid=MLC1209422789&sid=search,https://http2.mlstatic.com/D_Q_NP_2X_991969-MLC94073910819_102025-E.webp,2,2026-04-29T05:28:53.229511,E-Commerce,Ariel Peña,auriculares
MLC35186705,Audifonos Hoco W35 Air Triumph Over Ear Bluetooth Silver Color Plata,,11703,,0,False,https://www.mercadolibre.cl/audifonos-hoco-w35-air-triumph-over-ear-bluetooth-silver-color-plata/p/MLC35186705#polycard_client=search-desktop&be_origin=backend&search_layout=grid&position=36&type=product&tracking_id=3d4246b9-3b63-4953-b9da-c53a77f37320&wid=MLC1758543411&sid=search,https://http2.mlstatic.com/D_Q_NP_2X_777719-MLA99443800116_112025-E.webp,2,2026-04-29T05:28:53.229511,E-Commerce,Ariel Peña,auriculares
MLC-1661066266,"Accesorios Lux, Auriculares Con Orejas De Gato De Oro Rosa,",,41044,,0,False,https://articulo.mercadolibre.cl/MLC-1661066266-accesorios-lux-auriculares-con-orejas-de-gato-de-oro-rosa-_JM#polycard_client=search-desktop&be_origin=backend&search_layout=grid&position=38&type=item&tracking_id=3d4246b9-3b63-4953-b9da-c53a77f37320,https://http2.mlstatic.com/D_Q_NP_2X_844614-CBT83878626927_042025-E-accesorios-lux-auriculares-con-orejas-de-gato-de-oro-rosa.webp,2,2026-04-29T05:28:53.229511,E-Commerce,Ariel Peña,auriculares
MLC50169006,Audífonos Jbl Wave Buds 2 Earbuds Tws Bluetooth White,Jbl,49200,51790.0,5,True,https://www.mercadolibre.cl/audifonos-jbl-wave-buds-2-earbuds-tws-bluetooth-white/p/MLC50169006#polycard_client=search-desktop&be_origin=backend&search_layout=grid&position=39&type=product&tracking_id=3d4246b9-3b63-4953-b9da-c53a77f37320&wid=MLC3448114644&sid=search,https://http2.mlstatic.com/D_Q_NP_2X_809128-MLA100069135833_122025-E.webp,2,2026-04-29T05:28:53.229511,E-Commerce,Ariel Peña,auriculares
MLC54768046,"Audífonos Huawei FreeBuds SE 4 In-ear Inalámbricos, con Cancelación de Ruido y Bluetooth 5.2",Huawei,48832,59990.0,18,True,https://www.mercadolibre.cl/audifonos-huawei-freebuds-se-4-in-ear-inalambricos-con-cancelacion-de-ruido-y-bluetooth-52/p/MLC54768046#polycard_client=search-desktop&be_origin=backend&search_layout=grid&position=42&type=product&tracking_id=3d4246b9-3b63-4953-b9da-c53a77f37320&wid=MLC3191877188&sid=search,https://http2.mlstatic.com/D_Q_NP_2X_882738-MLA95405532914_102025-E.webp,2,2026-04-29T05:28:53.229511,E-Commerce,Ariel Peña,auriculares
MLC47303366,Audífono Gamer Inalámbrico Zenit Elite Bluetooth Rgb LEVO,,44990,59990.0,25,True,https://www.mercadolibre.cl/audifono-gamer-inalambrico-zenit-elite-bluetooth-rgb-levo/p/MLC47303366#polycard_client=search-desktop&be_origin=backend&search_layout=grid&position=44&type=product&tracking_id=3d4246b9-3b63-4953-b9da-c53a77f37320&wid=MLC2860952604&sid=search,https://http2.mlstatic.com/D_Q_NP_2X_913365-MLA99577998456_122025-E.webp,2,2026-04-29T05:28:53.229511,E-Commerce,Ariel Peña,auriculares
MLC-3874678086,Audífonos In-ear Gk Ak8 Pro De Estudio 3.5mm Sin Micrófono,,9609,,0,False,https://articulo.mercadolibre.cl/MLC-3874678086-audifonos-in-ear-gk-ak8-pro-de-estudio-35mm-sin-microfono-_JM?searchVariation=200249504239#polycard_client=search-desktop&be_origin=backend&searchVariation=200249504239&search_layout=grid&position=45&type=item&tracking_id=3d4246b9-3b63-4953-b9da-c53a77f37320,https://http2.mlstatic.com/D_Q_NP_2X_602350-CBT110448219395_042026-E-audifonos-in-ear-gk-ak8-pro-de-estudio-35mm-sin-microfono.webp,2,2026-04-29T05:28:53.229511,E-Commerce,Ariel Peña,auriculares
MLC-1383784425,Accesorios Lux Auriculares Con Orejas De Oso De Oro Rosa Aur,,41044,,0,False,https://articulo.mercadolibre.cl/MLC-1383784425-accesorios-lux-auriculares-con-orejas-de-oso-de-oro-rosa-aur-_JM#polycard_client=search-desktop&be_origin=backend&search_layout=grid&position=47&type=item&tracking_id=3d4246b9-3b63-4953-b9da-c53a77f37320,https://http2.mlstatic.com/D_Q_NP_2X_961468-CBT96382873181_102025-E-accesorios-lux-auriculares-con-orejas-de-oso-de-oro-rosa-aur.webp,2,2026-04-29T05:28:53.229511,E-Commerce,Ariel Peña,auriculares
MLC-1385905875,Accesorios Lux Gold Cat Ears Edition Auriculares Inalámbrico,,34332,,0,False,https://articulo.mercadolibre.cl/MLC-1385905875-accesorios-lux-gold-cat-ears-edition-auriculares-inalambrico-_JM#polycard_client=search-desktop&be_origin=backend&search_layout=grid&position=48&type=item&tracking_id=3d4246b9-3b63-4953-b9da-c53a77f37320,https://http2.mlstatic.com/D_Q_NP_2X_955146-CBT96554157813_102025-E-accesorios-lux-gold-cat-ears-edition-auriculares-inalambrico.webp,2,2026-04-29T05:28:53.229511,E-Commerce,Ariel Peña,auriculares
MLC19745692,Audífonos Inalámbricos Lenovo Ht38 Earbuds Negros,,13990,,0,False,https://www.mercadolibre.cl/audifonos-inalambricos-lenovo-ht38-earbuds-negros/p/MLC19745692#polycard_client=search-desktop&be_origin=backend&search_layout=grid&position=49&type=product&tracking_id=3d4246b9-3b63-4953-b9da-c53a77f37320&wid=MLC3621886150&sid=search,https://http2.mlstatic.com/D_Q_NP_2X_753852-MLA99499870296_112025-E.webp,2,2026-04-29T05:28:53.229511,E-Commerce,Ariel Peña,auriculares
MLC2029896288,Accesorios Lux Auriculares Con Orejas De Gato Negras Auricul,,35794,,0,False,https://www.mercadolibre.cl/accesorios-lux-auriculares-con-orejas-de-gato-negras-con-de/p/MLC2029896288#polycard_client=search-desktop&be_origin=backend&search_layout=grid&position=50&type=product&tracking_id=3d4246b9-3b63-4953-b9da-c53a77f37320&wid=MLC1684287712&sid=search,https://http2.mlstatic.com/D_Q_NP_2X_906271-CBT92818012466_092025-E.webp,2,2026-04-29T05:28:53.229511,E-Commerce,Ariel Peña,auriculares
MLC27883580,Audifonos Bluetooth Deportivos Para Conducción Aiwa Aw-acf1 Color Blanco,,17632,20990.0,15,True,https://www.mercadolibre.cl/audifonos-bluetooth-deportivos-para-conduccion-aiwa-aw-acf1-color-blanco/p/MLC27883580#polycard_client=search-desktop&be_origin=backend&search_layout=grid&position=52&type=product&tracking_id=3d4246b9-3b63-4953-b9da-c53a77f37320&wid=MLC3466972662&sid=search,https://http2.mlstatic.com/D_Q_NP_2X_601148-MLA99954158199_112025-E.webp,2,2026-04-29T05:28:53.229511,E-Commerce,Ariel Peña,auriculares
MLC44718304,Walkie Talkie Bf-888s Negro Radio Transmisor Pack Duos Recargable Por Usb Con Linterna Led Integrada 16 Canales Uhf Comunicacion Inalambrica Profesional Para Empresas Bodegaje Y Deporte Aventura,,11169,12010.0,7,True,https://www.mercadolibre.cl/walkie-talkie-bf-888s-negro-radio-transmisor-pack-duos-recargable-por-usb-con-linterna-led-integrada-16-canales-uhf-comunicacion-inalambrica-profesional-para-empresas-bodegaje-y-deporte-aventura/p/MLC44718304#polycard_client=search-desktop&be_origin=backend&search_layout=grid&position=55&type=product&tracking_id=3d4246b9-3b63-4953-b9da-c53a77f37320&wid=MLC3441022008&sid=search,https://http2.mlstatic.com/D_Q_NP_2X_708150-MLA97617961874_112025-E.webp,2,2026-04-29T05:28:53.229511,E-Commerce,Ariel Peña,auriculares
MLC-1940364971,"Auriculares Inalámbricos Mini Para Parejas, Para Dormir",,17157,,0,False,https://articulo.mercadolibre.cl/MLC-1940364971-auriculares-inalambricos-mini-para-parejas-para-dormir-_JM?searchVariation=200946703839#polycard_client=search-desktop&be_origin=backend&searchVariation=200946703839&search_layout=grid&position=57&type=item&tracking_id=3d4246b9-3b63-4953-b9da-c53a77f37320,https://http2.mlstatic.com/D_Q_NP_2X_961110-CBT107555560620_032026-E-auriculares-inalambricos-mini-para-parejas-para-dormir.webp,2,2026-04-29T05:28:53.229511,E-Commerce,Ariel Peña,auriculares
MLC27673837,Audífinos Gaming HyperX Cloud III - Gaming Headset (Black),HyperX,69990,89990.0,22,True,https://www.mercadolibre.cl/audifinos-gaming-hyperx-cloud-iii-gaming-headset-black/p/MLC27673837#polycard_client=search-desktop&be_origin=backend&search_layout=grid&position=59&type=product&tracking_id=3d4246b9-3b63-4953-b9da-c53a77f37320&wid=MLC1765070965&sid=search,https://http2.mlstatic.com/D_Q_NP_2X_658004-MLA100034976651_122025-E.webp,2,2026-04-29T05:28:53.229511,E-Commerce,Ariel Peña,auriculares
MLC2074654782,Auriculares Inalámbricos Ultra-mini Para Dormir Y Meditación,,8901,,0,False,https://www.mercadolibre.cl/auriculares-inalambricos-ultra-mini-para-dormir-y-meditacion/p/MLC2074654782#polycard_client=search-desktop&be_origin=backend&search_layout=grid&position=60&type=product&tracking_id=3d4246b9-3b63-4953-b9da-c53a77f37320&wid=MLC3732273058&sid=search,https://http2.mlstatic.com/D_Q_NP_2X_960034-CBT107613780004_032026-E.webp,2,2026-04-29T05:28:53.229511,E-Commerce,Ariel Peña,auriculares
